project_code,project_display,project_scope_key,line_name,report_date,month,section_label,activity_raw,activity_norm,activity_group,core_activity,quantity_primary,cumulative_last_month,plan_for_month,progress_for_month,today_progress,cumulative_progress,balance_progress,gangs_working,remarks,source_file,source_sheet,configured_sheet,template_sheet,stringing_resolution_policy,project_key
TA 418,TA 418,ta418,,2026-06-08,2026-06-01,Progress Status,Stringing - RS,stringing,Stringing,True,47.84,29.582,18.258,1.3677,0.27649,30.9497,16.8903,3,*Work Front Required for Hotline Gang,TA 418 - DPR - 2026-06-08.xlsx,MASTER SHEET,MASTER SHEET,TA 418 Status,,TA418
TA 418,TA 418,ta418,,2026-06-10,2026-06-01,Progress Status,Stringing - RS,stringing,Stringing,True,47.84,29.582,18.258,1.64419,0.0,31.22619,16.61381,4,*Work Front Required for Hotline Gang,TA 418 - DPR - 2026-06-10.xlsx,MASTER SHEET,MASTER SHEET,TA 418 Status,,TA418
TA 418,TA 418,ta418,,2026-06-11,2026-06-01,Progress Status,Stringing - RS,stringing,Stringing,True,47.84,29.582,18.258,1.64419,1.83669,31.22619,16.61381,4,*Work Front Required for Hotline Gang,TA 418 - DPR - 2026-06-11.xlsx,MASTER SHEET,MASTER SHEET,TA 418 Status,,TA418
TA 418,TA 418,ta418,,2026-06-13,2026-06-01,Progress Status,Stringing - RS,stringing,Stringing,True,47.84,29.582,18.258,1.64419,2.09531,31.22619,16.61381,4,*Work Front Required for Hotline Gang,TA 418 - DPR - 2026-06-13.xlsx,MASTER SHEET,MASTER SHEET,TA 418 Status,,TA418
TA 418,TA 418,ta418,,2026-06-14,2026-06-01,Progress Status,Stringing - RS,stringing,Stringing,True,47.84,29.582,18.258,1.64419,2.09531,31.22619,16.61381,4,*Work Front Required for Hotline Gang,TA 418 - DPR - 2026-06-14.xlsx,MASTER SHEET,MASTER SHEET,TA 418 Status,,TA418
TA 418,TA 418,ta418,,2026-06-15,2026-06-01,Progress Status,Stringing - RS,stringing,Stringing,True,47.84,29.582,18.258,1.64419,2.09531,31.22619,16.61381,4,*Work Front Required for Hotline Gang,TA 418 - DPR - 2026-06-15.xlsx,MASTER SHEET,MASTER SHEET,TA 418 Status,,TA418
TA 418,TA 418,ta418,,2026-06-16,2026-06-01,Progress Status,Stringing - RS,stringing,Stringing,True,47.84,29.582,18.258,1.64419,2.09531,31.22619,16.61381,4,*Work Front Required for Hotline Gang,TA 418 - DPR - 2026-06-16.xlsx,MASTER SHEET,MASTER SHEET,TA 418 Status,,TA418
TA 418,TA 418,ta418,,2026-06-17,2026-06-01,Progress Status,Stringing - RS,stringing,Stringing,True,47.84,29.582,18.258,1.64419,3.63112,31.22619,16.61381,5,,TA 418 - DPR - 2026-06-17.xlsx,MASTER SHEET,MASTER SHEET,TA 418 Status,,TA418
TA 421,TA 421,ta421,,2026-06-07,2026-06-01,Progress Status,Stringing -F/S,stringing,Stringing,True,121.342,115.467,5.878,,,115.467,5.875,,43A/1-43B/0 - Rough sag done  & 33/0- 34/0,TA 421 - DPR - 2026-06-07.xlsx,Master Sheet,Master Sheet,TA 421 Status,prefer_final_else_stringing,TA421
TA 421,TA 421,ta421,,2026-06-10,2026-06-01,Progress Status,Stringing -F/S,stringing,Stringing,True,121.342,115.467,5.878,0.6779999999999999,,116.145,5.197000000000003,1.0,WIP - 33/0- 34/0,TA 421 - DPR - 2026-06-10.xlsx,Master Sheet,Master Sheet,TA 421 Status,prefer_final_else_stringing,TA421
TA 421,TA 421,ta421,,2026-06-11,2026-06-01,Progress Status,Stringing -F/S,stringing,Stringing,True,121.342,115.467,5.878,0.6779999999999999,,116.145,5.197000000000003,1.0,WIP - 33/0- 34/0,TA 421 - DPR - 2026-06-11.xlsx,Master Sheet,Master Sheet,TA 421 Status,prefer_final_else_stringing,TA421
TA 421,TA 421,ta421,,2026-06-16,2026-06-01,Progress Status,Stringing -F/S,stringing,Stringing,True,121.342,115.467,5.878,1.644,,117.111,4.230999999999995,1.0,43A/0 - 43A/1  - WIP,TA 421 - DPR - 2026-06-16.xlsx,Master Sheet,Master Sheet,TA 421 Status,prefer_final_else_stringing,TA421
TA 421,TA 421,ta421,,2026-06-17,2026-06-01,Progress Status,Stringing -F/S,stringing,Stringing,True,121.342,115.467,5.878,1.644,,117.111,4.230999999999995,1.0,43A/0 - 43A/1  - WIP,TA 421 - DPR - 2026-06-17.xlsx,Master Sheet,Master Sheet,TA 421 Status,prefer_final_else_stringing,TA421
TA 421,TA 421,ta421,,2026-06-18,2026-06-01,Progress Status,Stringing -F/S,stringing,Stringing,True,121.342,115.467,5.878,2.129,0.485,117.596,3.745999999999995,,,TA 421 - DPR - 2026-06-18.xlsx,Master Sheet,Master Sheet,TA 421 Status,prefer_final_else_stringing,TA421
TA 421,TA 421,ta421,,2026-06-21,2026-06-01,Progress Status,Stringing -F/S,stringing,Stringing,True,121.342,115.467,5.878,2.129,,117.596,3.745999999999995,2.0,43B/0 -44/0 - WIP  & 40/0-41/0-42/0 - 1.475 Km,TA 421 - DPR - 2026-06-21.xlsx,Master Sheet,Master Sheet,TA 421 Status,prefer_final_else_stringing,TA421
TA 421,TA 421,ta421,,2026-06-23,2026-06-01,Progress Status,Stringing -F/S,stringing,Stringing,True,121.342,115.467,5.878,2.129,,117.596,3.745999999999995,2.0,43B/0 -44/0 - WIP  & 40/0-41/0-42/0 - 1.475 Km  [ 41/0 - Row ]  & 43A/1 - 43B/0,TA 421 - DPR - 2026-06-23.xlsx,Master Sheet,Master Sheet,TA 421 Status,prefer_final_else_stringing,TA421
TA 421,TA 421,ta421,,2026-06-25,2026-06-01,Progress Status,Stringing -F/S,stringing,Stringing,True,121.342,115.467,5.878,4.403,,119.87,1.471999999999994,2.0,40/0-41/0-42/0 - 1.475 Km -WIP,TA 421 - DPR - 2026-06-25.xlsx,Master Sheet,Master Sheet,TA 421 Status,prefer_final_else_stringing,TA421
TA 421,TA 421,ta421,,2026-06-29,2026-06-01,Progress Status,Stringing -F/S,stringing,Stringing,True,121.342,115.467,5.878,4.40269,,119.86969,1.472310000000007,2.0,40/0-41/0-42/0 - 1.475 Km -WIP,TA 421 - DPR - 2026-06-29.xlsx,Master Sheet,Master Sheet,TA 421 Status,prefer_final_else_stringing,TA421
TA 421,TA 421,ta421,,2026-06-30,2026-06-01,Progress Status,Stringing -F/S,stringing,Stringing,True,121.342,31.816,23.239,11.927,,43.74299999999999,77.599,,,TA 421 - DPR - 2026-06-30.xlsx,Master Sheet,Master Sheet,TA 421 Status,prefer_final_else_stringing,TA421
TB 408,TB 408,tb408,,2026-06-01,2026-06-01,Project Name-,"Final Sag 
(Kms)",stringing,Stringing,True,191.392,125.9367,25.0,,,125.9367,31.6893,,"AP11A-12:- Completed
AP12-13:- WIP.",TB 408 - DPR - 2026-06-01.xlsx,Progress Summary,Progress Summary,TB 408 Status,,TB408
TB 501,TB 501 - 132kV,tb501132kv,132kV,2026-06-08,2026-06-01,132kV Line,Final Sag,stringing,Stringing,True,9.24,6.231,3.009,0.0003260000000002705,0.0,6.231326,3.008674,,,TB 501 - DPR - 2026-06-08.xlsx,Summary,Summary,TB 501 Status,prefer_final_else_stringing,TB501
TB 501,TB 501 - 220kV,tb501220kv,220kV,2026-06-08,2026-06-01,220kV Line,Final Sag,stringing,Stringing,True,64.0,61.2,2.799999999999997,0.9516129999999876,0.0,62.15161299999999,1.84838700000001,,,TB 501 - DPR - 2026-06-08.xlsx,Summary,Summary,TB 501 Status,prefer_final_else_stringing,TB501
TB 501,TB 501 - 132kV,tb501132kv,132kV,2026-06-09,2026-06-01,132kV Line,Final Sag,stringing,Stringing,True,9.24,6.231,3.009,0.0003260000000002705,0.0,6.231326,3.008674,,,TB 501 - DPR - 2026-06-09.xlsx,Summary,Summary,TB 501 Status,prefer_final_else_stringing,TB501
TB 501,TB 501 - 220kV,tb501220kv,220kV,2026-06-09,2026-06-01,220kV Line,Final Sag,stringing,Stringing,True,64.0,61.2,2.799999999999997,1.568100999999992,0.0,62.76810099999999,1.231899000000006,,,TB 501 - DPR - 2026-06-09.xlsx,Summary,Summary,TB 501 Status,prefer_final_else_stringing,TB501
TB 501,TB 501 - 132kV,tb501132kv,132kV,2026-06-13,2026-06-01,132kV Line,Final Sag,stringing,Stringing,True,9.24,6.231,3.009,0.0003260000000002705,0.0,6.231326,3.008674,,,TB 501 - DPR - 2026-06-13.xlsx,Summary,Summary,TB 501 Status,prefer_final_else_stringing,TB501
TB 501,TB 501 - 220kV,tb501220kv,220kV,2026-06-13,2026-06-01,220kV Line,Final Sag,stringing,Stringing,True,64.0,61.2,2.799999999999997,1.775100999999992,0.0,62.975101,1.024899000000005,,,TB 501 - DPR - 2026-06-13.xlsx,Summary,Summary,TB 501 Status,prefer_final_else_stringing,TB501
TB 501,TB 501 - 132kV,tb501132kv,132kV,2026-06-15,2026-06-01,132kV Line,Final Sag,stringing,Stringing,True,9.24,6.231,3.009,0.0003260000000002705,0.0,6.231326,3.008674,,,TB 501 - DPR - 2026-06-15.xlsx,Summary,Summary,TB 501 Status,prefer_final_else_stringing,TB501
TB 501,TB 501 - 220kV,tb501220kv,220kV,2026-06-15,2026-06-01,220kV Line,Final Sag,stringing,Stringing,True,64.0,61.2,2.799999999999997,1.775100999999992,0.0,62.975101,1.024899000000005,,,TB 501 - DPR - 2026-06-15.xlsx,Summary,Summary,TB 501 Status,prefer_final_else_stringing,TB501
TB 501,TB 501 - 132kV,tb501132kv,132kV,2026-06-17,2026-06-01,132kV Line,Final Sag,stringing,Stringing,True,9.24,6.231,3.009,0.0003260000000002705,0.0,6.231326,3.008674,,,TB 501 - DPR - 2026-06-17.xlsx,Summary,Summary,TB 501 Status,prefer_final_else_stringing,TB501
TB 501,TB 501 - 220kV,tb501220kv,220kV,2026-06-17,2026-06-01,220kV Line,Final Sag,stringing,Stringing,True,64.0,61.2,2.799999999999997,1.775100999999992,0.0,62.975101,1.024899000000005,,,TB 501 - DPR - 2026-06-17.xlsx,Summary,Summary,TB 501 Status,prefer_final_else_stringing,TB501
TB 501,TB 501 - 132kV,tb501132kv,132kV,2026-06-18,2026-06-01,132kV Line,Final Sag,stringing,Stringing,True,9.24,6.231,3.009,0.0003260000000002705,0.0,6.231326,3.008674,,,TB 501 - DPR - 2026-06-18.xlsx,Summary,Summary,TB 501 Status,prefer_final_else_stringing,TB501
TB 501,TB 501 - 220kV,tb501220kv,220kV,2026-06-18,2026-06-01,220kV Line,Final Sag,stringing,Stringing,True,64.0,61.2,2.799999999999997,1.775100999999992,0.0,62.975101,1.024899000000005,,,TB 501 - DPR - 2026-06-18.xlsx,Summary,Summary,TB 501 Status,prefer_final_else_stringing,TB501
TB 501,TB 501 - 132kV,tb501132kv,132kV,2026-06-22,2026-06-01,132kV Line,Final Sag,stringing,Stringing,True,9.24,6.231,3.009,0.0003260000000002705,0.0,6.231326,3.008674,,,TB 501 - DPR - 2026-06-22.xlsx,Summary,Summary,TB 501 Status,prefer_final_else_stringing,TB501
TB 501,TB 501 - 220kV,tb501220kv,220kV,2026-06-22,2026-06-01,220kV Line,Final Sag,stringing,Stringing,True,64.0,61.2,2.799999999999997,1.775100999999992,0.0,62.975101,1.024899000000005,,,TB 501 - DPR - 2026-06-22.xlsx,Summary,Summary,TB 501 Status,prefer_final_else_stringing,TB501
TB 501,TB 501 - 132kV,tb501132kv,132kV,2026-06-25,2026-06-01,132kV Line,Final Sag,stringing,Stringing,True,9.24,6.231,3.009,0.0003260000000002705,0.0,6.231326,3.008674,,,TB 501 - DPR - 2026-06-25.xlsx,Summary,Summary,TB 501 Status,prefer_final_else_stringing,TB501
TB 501,TB 501 - 220kV,tb501220kv,220kV,2026-06-25,2026-06-01,220kV Line,Final Sag,stringing,Stringing,True,64.0,61.2,2.799999999999997,1.775100999999992,0.0,62.975101,1.024899000000005,,,TB 501 - DPR - 2026-06-25.xlsx,Summary,Summary,TB 501 Status,prefer_final_else_stringing,TB501
TB 501,TB 501 - 132kV,tb501132kv,132kV,2026-06-27,2026-06-01,132kV Line,Final Sag,stringing,Stringing,True,9.24,6.231,3.009,0.0003260000000002705,0.0,6.231326,3.008674,,,TB 501 - DPR - 2026-06-27.xlsx,Summary,Summary,TB 501 Status,prefer_final_else_stringing,TB501
TB 501,TB 501 - 220kV,tb501220kv,220kV,2026-06-27,2026-06-01,220kV Line,Final Sag,stringing,Stringing,True,64.0,61.2,2.799999999999997,2.46510099999999,0.0,63.66510099999999,0.3348990000000072,,,TB 501 - DPR - 2026-06-27.xlsx,Summary,Summary,TB 501 Status,prefer_final_else_stringing,TB501
TB 501,TB 501 - 132kV,tb501132kv,132kV,2026-06-29,2026-06-01,132kV Line,Final Sag,stringing,Stringing,True,9.24,6.231,3.009,0.4839259999999994,0.0,6.714925999999999,2.525074000000001,,,TB 501 - DPR - 2026-06-29.xlsx,Summary,Summary,TB 501 Status,prefer_final_else_stringing,TB501
TB 501,TB 501 - 220kV,tb501220kv,220kV,2026-06-29,2026-06-01,220kV Line,Final Sag,stringing,Stringing,True,64.03,61.2,2.799999999999997,2.825100999999989,0.0,64.02510099999999,0.004899000000008868,,,TB 501 - DPR - 2026-06-29.xlsx,Summary,Summary,TB 501 Status,prefer_final_else_stringing,TB501
TB 501,TB 501 - 132kV,tb501132kv,132kV,2026-06-30,2026-06-01,132kV Line,Final Sag,stringing,Stringing,True,9.24,6.231,3.009,0.4839259999999994,0.0,6.714925999999999,2.525074000000001,,,TB 501 - DPR - 2026-06-30.xlsx,Summary,Summary,TB 501 Status,prefer_final_else_stringing,TB501
TB 501,TB 501 - 220kV,tb501220kv,220kV,2026-06-30,2026-06-01,220kV Line,Final Sag,stringing,Stringing,True,64.03,61.2,2.799999999999997,2.825100999999989,0.0,64.02510099999999,0.004899000000008868,,,TB 501 - DPR - 2026-06-30.xlsx,Summary,Summary,TB 501 Status,prefer_final_else_stringing,TB501
TB 507,TB 507 - 400kV,tb507400kv,400kV,2026-06-08,2026-06-01,Progress Summary,Final Sag (Kms),stringing,Stringing,True,188.678,21.36,21.084,,,21.36,167.318,,,TB 507 [MAIN] - DPR - 2026-06-08.xlsx,400kV Summery,400kV Summery,TB 507 400kV Status,,TB507
TB 507,TB 507 - 400kV,tb507400kv,400kV,2026-06-08,2026-06-01,Progress Summary,Final Sag (Kms),stringing,Stringing,True,188.678,,,,,0.0,188.678,,,TB 507 [MAIN] - DPR - 2026-06-08.xlsx,400kV Summery,400kV Summery,TB 507 400kV Status,,TB507
TB 507,TB 507 - 400kV,tb507400kv,400kV,2026-06-08,2026-06-01,Progress Summary,Stringing (Kms),stringing,Stringing,True,,,,,,,,,,TB 507 [MAIN] - DPR - 2026-06-08.xlsx,400kV Summery,400kV Summery,TB 507 400kV Status,,TB507
TB 507,TB 507 - 765kV,tb507765kv,765kV,2026-06-08,2026-06-01,Progress Summary,Final Sag (Kms),stringing,Stringing,True,15.478,0.0,,,,0.0,15.478,,,TB 507 - DPR - 2026-06-08.xlsx,765kV Summery,765kV Summery,TB 507 765kV Status,,TB507
TB 507,TB 507 - 765kV,tb507765kv,765kV,2026-06-08,2026-06-01,Progress Summary,Stringing (Kms),stringing,Stringing,True,,,,,,,0.0,,,TB 507 - DPR - 2026-06-08.xlsx,765kV Summery,765kV Summery,TB 507 765kV Status,,TB507
TB 507,TB 507 - 400kV,tb507400kv,400kV,2026-06-11,2026-06-01,Progress Summary,Final Sag (Kms),stringing,Stringing,True,188.678,21.36,21.084,,,21.36,167.318,,,TB 507 [MAIN] - DPR - 2026-06-11.xlsx,400kV Summery,400kV Summery,TB 507 400kV Status,,TB507
TB 507,TB 507 - 400kV,tb507400kv,400kV,2026-06-11,2026-06-01,Progress Summary,Final Sag (Kms),stringing,Stringing,True,188.678,,,,,0.0,188.678,,,TB 507 [MAIN] - DPR - 2026-06-11.xlsx,400kV Summery,400kV Summery,TB 507 400kV Status,,TB507
TB 507,TB 507 - 400kV,tb507400kv,400kV,2026-06-11,2026-06-01,Progress Summary,Stringing (Kms),stringing,Stringing,True,,,,,,,,,,TB 507 [MAIN] - DPR - 2026-06-11.xlsx,400kV Summery,400kV Summery,TB 507 400kV Status,,TB507
TB 507,TB 507 - 765kV,tb507765kv,765kV,2026-06-11,2026-06-01,Progress Summary,Final Sag (Kms),stringing,Stringing,True,15.478,0.0,,,,0.0,15.478,,,TB 507 - DPR - 2026-06-11.xlsx,765kV Summery,765kV Summery,TB 507 765kV Status,,TB507
TB 507,TB 507 - 765kV,tb507765kv,765kV,2026-06-11,2026-06-01,Progress Summary,Stringing (Kms),stringing,Stringing,True,,,,,,,0.0,,,TB 507 - DPR - 2026-06-11.xlsx,765kV Summery,765kV Summery,TB 507 765kV Status,,TB507
TB 507,TB 507 - 400kV,tb507400kv,400kV,2026-06-12,2026-06-01,Progress Summary,Final Sag (Kms),stringing,Stringing,True,188.678,21.36,21.084,,,21.36,167.318,,,TB 507 [MAIN] - DPR - 2026-06-12.xlsx,400kV Summery,400kV Summery,TB 507 400kV Status,,TB507
TB 507,TB 507 - 400kV,tb507400kv,400kV,2026-06-12,2026-06-01,Progress Summary,Final Sag (Kms),stringing,Stringing,True,188.678,,,,,0.0,188.678,,,TB 507 [MAIN] - DPR - 2026-06-12.xlsx,400kV Summery,400kV Summery,TB 507 400kV Status,,TB507
TB 507,TB 507 - 400kV,tb507400kv,400kV,2026-06-12,2026-06-01,Progress Summary,Stringing (Kms),stringing,Stringing,True,,,,,,,,,,TB 507 [MAIN] - DPR - 2026-06-12.xlsx,400kV Summery,400kV Summery,TB 507 400kV Status,,TB507
TB 507,TB 507 - 765kV,tb507765kv,765kV,2026-06-12,2026-06-01,Progress Summary,Final Sag (Kms),stringing,Stringing,True,15.478,0.0,,,,0.0,15.478,,,TB 507 - DPR - 2026-06-12.xlsx,765kV Summery,765kV Summery,TB 507 765kV Status,,TB507
TB 507,TB 507 - 765kV,tb507765kv,765kV,2026-06-12,2026-06-01,Progress Summary,Stringing (Kms),stringing,Stringing,True,,,,,,,0.0,,,TB 507 - DPR - 2026-06-12.xlsx,765kV Summery,765kV Summery,TB 507 765kV Status,,TB507
TB 507,TB 507 - 400kV,tb507400kv,400kV,2026-06-15,2026-06-01,Progress Summary,Final Sag (Kms),stringing,Stringing,True,188.678,21.36,21.084,,,21.36,167.318,,,TB 507 [MAIN] - DPR - 2026-06-15.xlsx,400kV Summery,400kV Summery,TB 507 400kV Status,,TB507
TB 507,TB 507 - 400kV,tb507400kv,400kV,2026-06-15,2026-06-01,Progress Summary,Final Sag (Kms),stringing,Stringing,True,188.678,,,,,0.0,188.678,,,TB 507 [MAIN] - DPR - 2026-06-15.xlsx,400kV Summery,400kV Summery,TB 507 400kV Status,,TB507
TB 507,TB 507 - 400kV,tb507400kv,400kV,2026-06-15,2026-06-01,Progress Summary,Stringing (Kms),stringing,Stringing,True,,,,,,,,,,TB 507 [MAIN] - DPR - 2026-06-15.xlsx,400kV Summery,400kV Summery,TB 507 400kV Status,,TB507
TB 507,TB 507 - 765kV,tb507765kv,765kV,2026-06-15,2026-06-01,Progress Summary,Final Sag (Kms),stringing,Stringing,True,15.478,0.0,,,,0.0,15.478,,,TB 507 - DPR - 2026-06-15.xlsx,765kV Summery,765kV Summery,TB 507 765kV Status,,TB507
TB 507,TB 507 - 765kV,tb507765kv,765kV,2026-06-15,2026-06-01,Progress Summary,Stringing (Kms),stringing,Stringing,True,,,,,,,0.0,,,TB 507 - DPR - 2026-06-15.xlsx,765kV Summery,765kV Summery,TB 507 765kV Status,,TB507
TB 507,TB 507 - 400kV,tb507400kv,400kV,2026-06-17,2026-06-01,Progress Summary,Final Sag (Kms),stringing,Stringing,True,188.678,21.36,21.084,,,21.36,167.318,,,TB 507 [MAIN] - DPR - 2026-06-17.xlsx,400kV Summery,400kV Summery,TB 507 400kV Status,,TB507
TB 507,TB 507 - 400kV,tb507400kv,400kV,2026-06-17,2026-06-01,Progress Summary,Final Sag (Kms),stringing,Stringing,True,188.678,,,,,0.0,188.678,,,TB 507 [MAIN] - DPR - 2026-06-17.xlsx,400kV Summery,400kV Summery,TB 507 400kV Status,,TB507
TB 507,TB 507 - 400kV,tb507400kv,400kV,2026-06-17,2026-06-01,Progress Summary,Stringing (Kms),stringing,Stringing,True,,,,,,,,,,TB 507 [MAIN] - DPR - 2026-06-17.xlsx,400kV Summery,400kV Summery,TB 507 400kV Status,,TB507
TB 507,TB 507 - 765kV,tb507765kv,765kV,2026-06-17,2026-06-01,Progress Summary,Final Sag (Kms),stringing,Stringing,True,15.478,0.0,,,,0.0,15.478,,,TB 507 - DPR - 2026-06-17.xlsx,765kV Summery,765kV Summery,TB 507 765kV Status,,TB507
TB 507,TB 507 - 765kV,tb507765kv,765kV,2026-06-17,2026-06-01,Progress Summary,Stringing (Kms),stringing,Stringing,True,,,,,,,0.0,,,TB 507 - DPR - 2026-06-17.xlsx,765kV Summery,765kV Summery,TB 507 765kV Status,,TB507
TB 507,TB 507 - 400kV,tb507400kv,400kV,2026-06-20,2026-06-01,Progress Summary,Final Sag (Kms),stringing,Stringing,True,188.678,21.36,21.084,,,21.36,167.318,,,TB 507 [MAIN] - DPR - 2026-06-20.xlsx,400kV Summery,400kV Summery,TB 507 400kV Status,,TB507
TB 507,TB 507 - 400kV,tb507400kv,400kV,2026-06-20,2026-06-01,Progress Summary,Final Sag (Kms),stringing,Stringing,True,188.678,,,,,0.0,188.678,,,TB 507 [MAIN] - DPR - 2026-06-20.xlsx,400kV Summery,400kV Summery,TB 507 400kV Status,,TB507
TB 507,TB 507 - 400kV,tb507400kv,400kV,2026-06-20,2026-06-01,Progress Summary,Stringing (Kms),stringing,Stringing,True,,,,,,,,,,TB 507 [MAIN] - DPR - 2026-06-20.xlsx,400kV Summery,400kV Summery,TB 507 400kV Status,,TB507
TB 507,TB 507 - 765kV,tb507765kv,765kV,2026-06-20,2026-06-01,Progress Summary,Final Sag (Kms),stringing,Stringing,True,15.478,0.0,,,,0.0,15.478,,,TB 507 - DPR - 2026-06-20.xlsx,765kV Summery,765kV Summery,TB 507 765kV Status,,TB507
TB 507,TB 507 - 765kV,tb507765kv,765kV,2026-06-20,2026-06-01,Progress Summary,Stringing (Kms),stringing,Stringing,True,,,,,,,0.0,,,TB 507 - DPR - 2026-06-20.xlsx,765kV Summery,765kV Summery,TB 507 765kV Status,,TB507
TB 507,TB 507 - 400kV,tb507400kv,400kV,2026-06-23,2026-06-01,Progress Summary,Final Sag (Kms),stringing,Stringing,True,188.678,21.36,21.084,,,21.36,167.318,,,TB 507 [MAIN] - DPR - 2026-06-23.xlsx,400kV Summery,400kV Summery,TB 507 400kV Status,,TB507
TB 507,TB 507 - 400kV,tb507400kv,400kV,2026-06-23,2026-06-01,Progress Summary,Final Sag (Kms),stringing,Stringing,True,188.678,,,,,0.0,188.678,,,TB 507 [MAIN] - DPR - 2026-06-23.xlsx,400kV Summery,400kV Summery,TB 507 400kV Status,,TB507
TB 507,TB 507 - 400kV,tb507400kv,400kV,2026-06-23,2026-06-01,Progress Summary,Stringing (Kms),stringing,Stringing,True,,,,,,,,,,TB 507 [MAIN] - DPR - 2026-06-23.xlsx,400kV Summery,400kV Summery,TB 507 400kV Status,,TB507
TB 507,TB 507 - 765kV,tb507765kv,765kV,2026-06-23,2026-06-01,Progress Summary,Final Sag (Kms),stringing,Stringing,True,15.478,0.0,,,,0.0,15.478,,,TB 507 - DPR - 2026-06-23.xlsx,765kV Summery,765kV Summery,TB 507 765kV Status,,TB507
TB 507,TB 507 - 765kV,tb507765kv,765kV,2026-06-23,2026-06-01,Progress Summary,Stringing (Kms),stringing,Stringing,True,,,,,,,0.0,,,TB 507 - DPR - 2026-06-23.xlsx,765kV Summery,765kV Summery,TB 507 765kV Status,,TB507
TB 507,TB 507 - 400kV,tb507400kv,400kV,2026-06-25,2026-06-01,Progress Summary,Final Sag (Kms),stringing,Stringing,True,188.678,21.36,21.084,,,21.36,167.318,,,TB 507 [MAIN] - DPR - 2026-06-25.xlsx,400kV Summery,400kV Summery,TB 507 400kV Status,,TB507
TB 507,TB 507 - 400kV,tb507400kv,400kV,2026-06-25,2026-06-01,Progress Summary,Final Sag (Kms),stringing,Stringing,True,188.678,,,,,0.0,188.678,,,TB 507 [MAIN] - DPR - 2026-06-25.xlsx,400kV Summery,400kV Summery,TB 507 400kV Status,,TB507
TB 507,TB 507 - 400kV,tb507400kv,400kV,2026-06-25,2026-06-01,Progress Summary,Stringing (Kms),stringing,Stringing,True,,,,,,,,,,TB 507 [MAIN] - DPR - 2026-06-25.xlsx,400kV Summery,400kV Summery,TB 507 400kV Status,,TB507
TB 507,TB 507 - 765kV,tb507765kv,765kV,2026-06-25,2026-06-01,Progress Summary,Final Sag (Kms),stringing,Stringing,True,15.478,0.0,,,,0.0,15.478,,,TB 507 - DPR - 2026-06-25.xlsx,765kV Summery,765kV Summery,TB 507 765kV Status,,TB507
TB 507,TB 507 - 765kV,tb507765kv,765kV,2026-06-25,2026-06-01,Progress Summary,Stringing (Kms),stringing,Stringing,True,,,,,,,0.0,,,TB 507 - DPR - 2026-06-25.xlsx,765kV Summery,765kV Summery,TB 507 765kV Status,,TB507
TB 507,TB 507 - 400kV,tb507400kv,400kV,2026-06-28,2026-06-01,Progress Summary,Final Sag (Kms),stringing,Stringing,True,188.678,21.36,21.084,,,21.36,167.318,,,TB 507 [MAIN] - DPR - 2026-06-28.xlsx,400kV Summery,400kV Summery,TB 507 400kV Status,,TB507
TB 507,TB 507 - 400kV,tb507400kv,400kV,2026-06-28,2026-06-01,Progress Summary,Final Sag (Kms),stringing,Stringing,True,188.678,,,,,0.0,188.678,,,TB 507 [MAIN] - DPR - 2026-06-28.xlsx,400kV Summery,400kV Summery,TB 507 400kV Status,,TB507
TB 507,TB 507 - 400kV,tb507400kv,400kV,2026-06-28,2026-06-01,Progress Summary,Stringing (Kms),stringing,Stringing,True,,,,,,,,,,TB 507 [MAIN] - DPR - 2026-06-28.xlsx,400kV Summery,400kV Summery,TB 507 400kV Status,,TB507
TB 507,TB 507 - 765kV,tb507765kv,765kV,2026-06-28,2026-06-01,Progress Summary,Final Sag (Kms),stringing,Stringing,True,15.478,0.0,,,,0.0,15.478,,,TB 507 - DPR - 2026-06-28.xlsx,765kV Summery,765kV Summery,TB 507 765kV Status,,TB507
TB 507,TB 507 - 765kV,tb507765kv,765kV,2026-06-28,2026-06-01,Progress Summary,Stringing (Kms),stringing,Stringing,True,,,,,,,0.0,,,TB 507 - DPR - 2026-06-28.xlsx,765kV Summery,765kV Summery,TB 507 765kV Status,,TB507
TB 507,TB 507 - 400kV,tb507400kv,400kV,2026-06-29,2026-06-01,Progress Summary,Final Sag (Kms),stringing,Stringing,True,188.678,21.36,21.084,2.92,2.92,24.28,164.398,,,TB 507 [MAIN] - DPR - 2026-06-29.xlsx,400kV Summery,400kV Summery,TB 507 400kV Status,,TB507
TB 507,TB 507 - 400kV,tb507400kv,400kV,2026-06-29,2026-06-01,Progress Summary,Final Sag (Kms),stringing,Stringing,True,188.678,,,,,0.0,188.678,,,TB 507 [MAIN] - DPR - 2026-06-29.xlsx,400kV Summery,400kV Summery,TB 507 400kV Status,,TB507
TB 507,TB 507 - 400kV,tb507400kv,400kV,2026-06-29,2026-06-01,Progress Summary,Stringing (Kms),stringing,Stringing,True,,,,,,,,,,TB 507 [MAIN] - DPR - 2026-06-29.xlsx,400kV Summery,400kV Summery,TB 507 400kV Status,,TB507
TB 507,TB 507 - 765kV,tb507765kv,765kV,2026-06-29,2026-06-01,Progress Summary,Final Sag (Kms),stringing,Stringing,True,15.478,0.0,,,,0.0,15.478,,,TB 507 - DPR - 2026-06-29.xlsx,765kV Summery,765kV Summery,TB 507 765kV Status,,TB507
TB 507,TB 507 - 765kV,tb507765kv,765kV,2026-06-29,2026-06-01,Progress Summary,Stringing (Kms),stringing,Stringing,True,,,,,,,0.0,,,TB 507 - DPR - 2026-06-29.xlsx,765kV Summery,765kV Summery,TB 507 765kV Status,,TB507
TB 507,TB 507 - 400kV,tb507400kv,400kV,2026-06-30,2026-06-01,Progress Summary,Final Sag (Kms),stringing,Stringing,True,188.678,21.36,21.084,2.92,2.92,24.28,164.398,,,TB 507 [MAIN] - DPR - 2026-06-30.xlsx,400kV Summery,400kV Summery,TB 507 400kV Status,,TB507
TB 507,TB 507 - 400kV,tb507400kv,400kV,2026-06-30,2026-06-01,Progress Summary,Final Sag (Kms),stringing,Stringing,True,188.678,,,,,0.0,188.678,,,TB 507 [MAIN] - DPR - 2026-06-30.xlsx,400kV Summery,400kV Summery,TB 507 400kV Status,,TB507
TB 507,TB 507 - 400kV,tb507400kv,400kV,2026-06-30,2026-06-01,Progress Summary,Stringing (Kms),stringing,Stringing,True,,,,,,,,,,TB 507 [MAIN] - DPR - 2026-06-30.xlsx,400kV Summery,400kV Summery,TB 507 400kV Status,,TB507
TB 507,TB 507 - 765kV,tb507765kv,765kV,2026-06-30,2026-06-01,Progress Summary,Final Sag (Kms),stringing,Stringing,True,15.478,0.0,,,,0.0,15.478,,,TB 507 - DPR - 2026-06-30.xlsx,765kV Summery,765kV Summery,TB 507 765kV Status,,TB507
TB 507,TB 507 - 765kV,tb507765kv,765kV,2026-06-30,2026-06-01,Progress Summary,Stringing (Kms),stringing,Stringing,True,,,,,,,0.0,,,TB 507 - DPR - 2026-06-30.xlsx,765kV Summery,765kV Summery,TB 507 765kV Status,,TB507
TB 605,TB 605,tb605,,2026-06-07,2026-06-01,Progress Summary - Ratle Kiru Power Transmission Ltd,Stringing,stringing,Stringing,True,175.719,0.0,14.92,0.0,0.0,0.0,175.719,1,,TB 605 - DPR - 2026-06-07.xlsx,TB-605,TB-605,TB 605 Status,,TB605
TB 605,TB 605,tb605,,2026-06-09,2026-06-01,Progress Summary - Ratle Kiru Power Transmission Ltd,Stringing,stringing,Stringing,True,175.719,0.0,0.0,0.0,0.0,0.0,175.719,1,,TB 605 - DPR - 2026-06-09.xlsx,TB-605,TB-605,TB 605 Status,,TB605
TB 605,TB 605,tb605,,2026-06-11,2026-06-01,Progress Summary - Ratle Kiru Power Transmission Ltd,Stringing,stringing,Stringing,True,175.719,0.0,0.0,0.0,0.0,0.0,175.719,1,,TB 605 - DPR - 2026-06-11.xlsx,TB-605,TB-605,TB 605 Status,,TB605
TB 605,TB 605,tb605,,2026-06-12,2026-06-01,Progress Summary - Ratle Kiru Power Transmission Ltd,Stringing,stringing,Stringing,True,175.719,0.0,0.0,0.0,0.0,0.0,175.719,1,,TB 605 - DPR - 2026-06-12.xlsx,TB-605,TB-605,TB 605 Status,,TB605
TB 605,TB 605,tb605,,2026-06-14,2026-06-01,Progress Summary - Ratle Kiru Power Transmission Ltd,Stringing,stringing,Stringing,True,175.719,0.0,0.0,0.0,0.0,0.0,175.719,2,,TB 605 - DPR - 2026-06-14.xlsx,TB-605,TB-605,TB 605 Status,,TB605
TB 605,TB 605,tb605,,2026-06-15,2026-06-01,Progress Summary - Ratle Kiru Power Transmission Ltd,Stringing,stringing,Stringing,True,175.719,0.0,0.0,0.0,0.0,0.0,175.719,2,,TB 605 - DPR - 2026-06-15.xlsx,TB-605,TB-605,TB 605 Status,,TB605
TB 605,TB 605,tb605,,2026-06-16,2026-06-01,Progress Summary - Ratle Kiru Power Transmission Ltd,Stringing,stringing,Stringing,True,175.719,0.0,11.63,0.0,0.0,0.0,175.719,2,,TB 605 - DPR - 2026-06-16.xlsx,TB-605,TB-605,TB 605 Status,,TB605
TB 605,TB 605,tb605,,2026-06-17,2026-06-01,Progress Summary - Ratle Kiru Power Transmission Ltd,Stringing,stringing,Stringing,True,175.719,0.0,11.63,0.0,0.0,0.0,175.719,2,,TB 605 - DPR - 2026-06-17.xlsx,TB-605,TB-605,TB 605 Status,,TB605
TB 605,TB 605,tb605,,2026-06-21,2026-06-01,Progress Summary - Ratle Kiru Power Transmission Ltd,Stringing-F/S,stringing,Stringing,True,175.719,,11.63,0.0,,0.0,175.719,,,TB 605 - DPR - 2026-06-21.xlsx,TB-605,TB-605,TB 605 Status,,TB605
TB 605,TB 605,tb605,,2026-06-21,2026-06-01,Progress Summary - Ratle Kiru Power Transmission Ltd,Stringing-P/O-R/S,stringing,Stringing,True,175.719,0.0,11.63,1.47,0.0,1.47,174.249,2.0,,TB 605 - DPR - 2026-06-21.xlsx,TB-605,TB-605,TB 605 Status,,TB605
TB 605,TB 605,tb605,,2026-06-22,2026-06-01,Progress Summary - Ratle Kiru Power Transmission Ltd,Stringing-F/S,stringing,Stringing,True,175.719,,11.63,0.442,,0.442,175.277,,,TB 605 - DPR - 2026-06-22.xlsx,TB-605,TB-605,TB 605 Status,,TB605
TB 605,TB 605,tb605,,2026-06-22,2026-06-01,Progress Summary - Ratle Kiru Power Transmission Ltd,Stringing-P/O-R/S,stringing,Stringing,True,175.719,0.0,11.63,1.47,0.0,1.47,174.249,3.0,1 additional team reached at site 65 Manpower ( Saludin),TB 605 - DPR - 2026-06-22.xlsx,TB-605,TB-605,TB 605 Status,,TB605
TB 605,TB 605,tb605,,2026-06-23,2026-06-01,Progress Summary - Ratle Kiru Power Transmission Ltd,Stringing-F/S,stringing,Stringing,True,175.719,,11.63,0.442,,0.442,175.277,,,TB 605 - DPR - 2026-06-23.xlsx,TB-605,TB-605,TB 605 Status,,TB605
TB 605,TB 605,tb605,,2026-06-23,2026-06-01,Progress Summary - Ratle Kiru Power Transmission Ltd,Stringing-P/O-R/S,stringing,Stringing,True,175.719,0.0,11.63,1.47,0.0,1.47,174.249,3.0,1 additional team reached at site 65 Manpower ( Saludin),TB 605 - DPR - 2026-06-23.xlsx,TB-605,TB-605,TB 605 Status,,TB605
TB 605,TB 605,tb605,,2026-06-24,2026-06-01,Progress Summary - Ratle Kiru Power Transmission Ltd,Stringing-F/S,stringing,Stringing,True,175.719,,11.63,1.47,1.03,1.47,174.249,,,TB 605 - DPR - 2026-06-24.xlsx,TB-605,TB-605,TB 605 Status,,TB605
TB 605,TB 605,tb605,,2026-06-24,2026-06-01,Progress Summary - Ratle Kiru Power Transmission Ltd,Stringing-P/O-R/S,stringing,Stringing,True,175.719,0.0,11.63,1.47,0.0,1.47,174.249,3.0,1 additional team reached at site 65 Manpower ( Saludin),TB 605 - DPR - 2026-06-24.xlsx,TB-605,TB-605,TB 605 Status,,TB605
TB 605,TB 605,tb605,,2026-06-28,2026-06-01,Progress Summary - Ratle Kiru Power Transmission Ltd,Stringing-F/S,stringing,Stringing,True,175.719,,11.63,1.47,0.0,1.47,174.249,,,TB 605 - DPR - 2026-06-28.xlsx,TB-605,TB-605,TB 605 Status,,TB605
TB 605,TB 605,tb605,,2026-06-28,2026-06-01,Progress Summary - Ratle Kiru Power Transmission Ltd,Stringing-P/O-R/S,stringing,Stringing,True,175.719,0.0,11.63,1.47,0.0,1.47,174.249,3.0,1 additional team reached at site 65 Manpower ( Saludin),TB 605 - DPR - 2026-06-28.xlsx,TB-605,TB-605,TB 605 Status,,TB605
TB 605,TB 605,tb605,,2026-06-29,2026-06-01,Progress Summary - Ratle Kiru Power Transmission Ltd,Stringing-F/S,stringing,Stringing,True,175.719,,11.63,1.47,0.0,1.47,174.249,,,TB 605 - DPR - 2026-06-29.xlsx,TB-605,TB-605,TB 605 Status,,TB605
TB 605,TB 605,tb605,,2026-06-29,2026-06-01,Progress Summary - Ratle Kiru Power Transmission Ltd,Stringing-P/O-R/S,stringing,Stringing,True,175.719,0.0,11.63,1.47,0.0,1.47,174.249,3.0,1 additional team reached at site 65 Manpower ( Saludin),TB 605 - DPR - 2026-06-29.xlsx,TB-605,TB-605,TB 605 Status,,TB605
TB 605,TB 605,tb605,,2026-06-30,2026-06-01,Progress Summary - Ratle Kiru Power Transmission Ltd,Stringing-F/S,stringing,Stringing,True,175.719,,11.63,1.47,0.0,1.47,174.249,,,TB 605 - DPR - 2026-06-30.xlsx,TB-605,TB-605,TB 605 Status,,TB605
TB 605,TB 605,tb605,,2026-06-30,2026-06-01,Progress Summary - Ratle Kiru Power Transmission Ltd,Stringing-P/O-R/S,stringing,Stringing,True,175.719,0.0,11.63,1.47,0.0,1.47,174.249,3.0,,TB 605 - DPR - 2026-06-30.xlsx,TB-605,TB-605,TB 605 Status,,TB605
