project_key,project_code,line_name,section_label,report_date,source_file,source_sheet,configured_sheet,template_sheet,header_row_number,source_row_number,activity_raw,activity_norm,quantity_loa,quantity_estimated_or_total,quantity_primary,cumulative_last_month,plan_for_month,progress_for_month,today_progress,cumulative_progress,balance_progress,gangs_working,remarks
TA418,TA 418,,Progress Status,2026-06-08,TA 418 - DPR - 2026-06-08.xlsx,MASTER SHEET,MASTER SHEET,TA 418 Status,19,23,Stringing - RS,stringing,,47.84,47.84,29.582,18.258,1.3677,0.27649,30.9497,16.8903,3,*Work Front Required for Hotline Gang
TA418,TA 418,,Progress Status,2026-06-10,TA 418 - DPR - 2026-06-10.xlsx,MASTER SHEET,MASTER SHEET,TA 418 Status,19,23,Stringing - RS,stringing,,47.84,47.84,29.582,18.258,1.64419,0.0,31.22619,16.61381,4,*Work Front Required for Hotline Gang
TA418,TA 418,,Progress Status,2026-06-11,TA 418 - DPR - 2026-06-11.xlsx,MASTER SHEET,MASTER SHEET,TA 418 Status,19,23,Stringing - RS,stringing,,47.84,47.84,29.582,18.258,1.64419,1.83669,31.22619,16.61381,4,*Work Front Required for Hotline Gang
TA418,TA 418,,Progress Status,2026-06-13,TA 418 - DPR - 2026-06-13.xlsx,MASTER SHEET,MASTER SHEET,TA 418 Status,19,23,Stringing - RS,stringing,,47.84,47.84,29.582,18.258,1.64419,2.09531,31.22619,16.61381,4,*Work Front Required for Hotline Gang
TA418,TA 418,,Progress Status,2026-06-14,TA 418 - DPR - 2026-06-14.xlsx,MASTER SHEET,MASTER SHEET,TA 418 Status,19,23,Stringing - RS,stringing,,47.84,47.84,29.582,18.258,1.64419,2.09531,31.22619,16.61381,4,*Work Front Required for Hotline Gang
TA418,TA 418,,Progress Status,2026-06-15,TA 418 - DPR - 2026-06-15.xlsx,MASTER SHEET,MASTER SHEET,TA 418 Status,19,23,Stringing - RS,stringing,,47.84,47.84,29.582,18.258,1.64419,2.09531,31.22619,16.61381,4,*Work Front Required for Hotline Gang
TA418,TA 418,,Progress Status,2026-06-16,TA 418 - DPR - 2026-06-16.xlsx,MASTER SHEET,MASTER SHEET,TA 418 Status,19,23,Stringing - RS,stringing,,47.84,47.84,29.582,18.258,1.64419,2.09531,31.22619,16.61381,4,*Work Front Required for Hotline Gang
TA418,TA 418,,Progress Status,2026-06-17,TA 418 - DPR - 2026-06-17.xlsx,MASTER SHEET,MASTER SHEET,TA 418 Status,19,23,Stringing - RS,stringing,,47.84,47.84,29.582,18.258,1.64419,3.63112,31.22619,16.61381,5,
TA421,TA 421,,Progress Status,2026-06-07,TA 421 - DPR - 2026-06-07.xlsx,Master Sheet,Master Sheet,TA 421 Status,18,24,Stringing -R/S,stringing,,121.342,121.342,116.433,4.912,1.814,,118.247,3.094999999999985,3.0,34/0- 34/1 - Payingout under progress  + 34/1 -  34/2 - Payingout under progress + 43A/0 - 43A/1 - Insulator hosting done
TA421,TA 421,,Progress Status,2026-06-07,TA 421 - DPR - 2026-06-07.xlsx,Master Sheet,Master Sheet,TA 421 Status,18,25,Stringing -F/S,stringing,,121.342,121.342,115.467,5.878,,,115.467,5.875,,43A/1-43B/0 - Rough sag done  & 33/0- 34/0
TA421,TA 421,,Progress Status,2026-06-07,TA 421 - DPR - 2026-06-07.xlsx,Master Sheet,Master Sheet,TA 421 Status,18,26,OPGW,opgw_stringing,,121.342,121.342,97.672,23.67,,,97.672,23.67,,
TA421,TA 421,,Progress Status,2026-06-10,TA 421 - DPR - 2026-06-10.xlsx,Master Sheet,Master Sheet,TA 421 Status,18,24,Stringing -R/S,stringing,,121.342,121.342,116.433,4.912,2.492,,118.925,2.416999999999987,2.0,43A/0 - 43A/1 - Insulator hosting done  & 43B/0 -44/0 - WIP
TA421,TA 421,,Progress Status,2026-06-10,TA 421 - DPR - 2026-06-10.xlsx,Master Sheet,Master Sheet,TA 421 Status,18,25,Stringing -F/S,stringing,,121.342,121.342,115.467,5.878,0.6779999999999999,,116.145,5.197000000000003,1.0,WIP - 33/0- 34/0
TA421,TA 421,,Progress Status,2026-06-10,TA 421 - DPR - 2026-06-10.xlsx,Master Sheet,Master Sheet,TA 421 Status,18,26,OPGW,opgw_stringing,,121.342,121.342,97.672,23.67,,,97.672,23.67,,
TA421,TA 421,,Progress Status,2026-06-11,TA 421 - DPR - 2026-06-11.xlsx,Master Sheet,Master Sheet,TA 421 Status,18,24,Stringing -R/S,stringing,,121.342,121.342,116.433,4.912,2.492,,118.925,2.416999999999987,1.0,43A/0 - 43A/1 - Conductor paying out under progress   & 43B/0 -44/0 - WIP
TA421,TA 421,,Progress Status,2026-06-11,TA 421 - DPR - 2026-06-11.xlsx,Master Sheet,Master Sheet,TA 421 Status,18,25,Stringing -F/S,stringing,,121.342,121.342,115.467,5.878,0.6779999999999999,,116.145,5.197000000000003,1.0,WIP - 33/0- 34/0
TA421,TA 421,,Progress Status,2026-06-11,TA 421 - DPR - 2026-06-11.xlsx,Master Sheet,Master Sheet,TA 421 Status,18,26,OPGW,opgw_stringing,,121.342,121.342,97.672,23.67,,,97.672,23.67,,
TA421,TA 421,,Progress Status,2026-06-16,TA 421 - DPR - 2026-06-16.xlsx,Master Sheet,Master Sheet,TA 421 Status,18,24,Stringing -R/S,stringing,,121.342,121.342,116.433,4.912,2.492,,118.925,2.416999999999987,1.0,43B/0 -44/0 - WIP  & 27/0-27/3-28/0 - Rectification work under Progress
TA421,TA 421,,Progress Status,2026-06-16,TA 421 - DPR - 2026-06-16.xlsx,Master Sheet,Master Sheet,TA 421 Status,18,25,Stringing -F/S,stringing,,121.342,121.342,115.467,5.878,1.644,,117.111,4.230999999999995,1.0,43A/0 - 43A/1  - WIP
TA421,TA 421,,Progress Status,2026-06-16,TA 421 - DPR - 2026-06-16.xlsx,Master Sheet,Master Sheet,TA 421 Status,18,26,OPGW,opgw_stringing,,121.342,121.342,97.672,23.67,,,97.672,23.67,,
TA421,TA 421,,Progress Status,2026-06-17,TA 421 - DPR - 2026-06-17.xlsx,Master Sheet,Master Sheet,TA 421 Status,18,24,Stringing -R/S,stringing,,121.342,121.342,116.433,4.912,2.492,,118.925,2.416999999999987,1.0,43B/0 -44/0 - WIP  & 27/0-27/3-28/0 - Rectification work under Progress
TA421,TA 421,,Progress Status,2026-06-17,TA 421 - DPR - 2026-06-17.xlsx,Master Sheet,Master Sheet,TA 421 Status,18,25,Stringing -F/S,stringing,,121.342,121.342,115.467,5.878,1.644,,117.111,4.230999999999995,1.0,43A/0 - 43A/1  - WIP
TA421,TA 421,,Progress Status,2026-06-17,TA 421 - DPR - 2026-06-17.xlsx,Master Sheet,Master Sheet,TA 421 Status,18,26,OPGW,opgw_stringing,,121.342,121.342,97.672,23.67,,,97.672,23.67,,
TA421,TA 421,,Progress Status,2026-06-18,TA 421 - DPR - 2026-06-18.xlsx,Master Sheet,Master Sheet,TA 421 Status,18,24,Stringing -R/S,stringing,,121.342,121.342,116.433,4.912,2.977,0.485,119.41,1.931999999999988,2`,43B/0 -44/0 - WIP  & 40/0-41/0-42/0
TA421,TA 421,,Progress Status,2026-06-18,TA 421 - DPR - 2026-06-18.xlsx,Master Sheet,Master Sheet,TA 421 Status,18,25,Stringing -F/S,stringing,,121.342,121.342,115.467,5.878,2.129,0.485,117.596,3.745999999999995,,
TA421,TA 421,,Progress Status,2026-06-18,TA 421 - DPR - 2026-06-18.xlsx,Master Sheet,Master Sheet,TA 421 Status,18,26,OPGW,opgw_stringing,,121.342,121.342,97.672,23.67,,,97.672,23.67,,
TA421,TA 421,,Progress Status,2026-06-21,TA 421 - DPR - 2026-06-21.xlsx,Master Sheet,Master Sheet,TA 421 Status,18,24,Stringing -R/S,stringing,,121.342,121.342,116.433,4.912,2.977,,119.41,1.931999999999988,,
TA421,TA 421,,Progress Status,2026-06-21,TA 421 - DPR - 2026-06-21.xlsx,Master Sheet,Master Sheet,TA 421 Status,18,25,Stringing -F/S,stringing,,121.342,121.342,115.467,5.878,2.129,,117.596,3.745999999999995,2.0,43B/0 -44/0 - WIP  & 40/0-41/0-42/0 - 1.475 Km
TA421,TA 421,,Progress Status,2026-06-21,TA 421 - DPR - 2026-06-21.xlsx,Master Sheet,Master Sheet,TA 421 Status,18,26,OPGW,opgw_stringing,,121.342,121.342,97.672,23.67,,,97.672,23.67,1.0,WIP - 35/0 - 36/0
TA421,TA 421,,Progress Status,2026-06-23,TA 421 - DPR - 2026-06-23.xlsx,Master Sheet,Master Sheet,TA 421 Status,18,24,Stringing -R/S,stringing,,121.342,121.342,116.433,4.912,2.977,,119.41,1.931999999999988,,
TA421,TA 421,,Progress Status,2026-06-23,TA 421 - DPR - 2026-06-23.xlsx,Master Sheet,Master Sheet,TA 421 Status,18,25,Stringing -F/S,stringing,,121.342,121.342,115.467,5.878,2.129,,117.596,3.745999999999995,2.0,43B/0 -44/0 - WIP  & 40/0-41/0-42/0 - 1.475 Km  [ 41/0 - Row ]  & 43A/1 - 43B/0
TA421,TA 421,,Progress Status,2026-06-23,TA 421 - DPR - 2026-06-23.xlsx,Master Sheet,Master Sheet,TA 421 Status,18,26,OPGW,opgw_stringing,,121.342,121.342,97.672,23.67,1.858,1.858,99.53,21.812,1.0,WIP - 36/0 - 37/0
TA421,TA 421,,Progress Status,2026-06-25,TA 421 - DPR - 2026-06-25.xlsx,Master Sheet,Master Sheet,TA 421 Status,18,24,Stringing -R/S,stringing,,121.342,121.342,116.433,4.912,3.43669,,119.86969,1.472309999999993,,
TA421,TA 421,,Progress Status,2026-06-25,TA 421 - DPR - 2026-06-25.xlsx,Master Sheet,Master Sheet,TA 421 Status,18,25,Stringing -F/S,stringing,,121.342,121.342,115.467,5.878,4.403,,119.87,1.471999999999994,2.0,40/0-41/0-42/0 - 1.475 Km -WIP
TA421,TA 421,,Progress Status,2026-06-25,TA 421 - DPR - 2026-06-25.xlsx,Master Sheet,Master Sheet,TA 421 Status,18,26,OPGW,opgw_stringing,,121.342,121.342,97.672,23.67,1.858,,99.53,21.812,1.0,WIP - 36/0 - 37/0
TA421,TA 421,,Progress Status,2026-06-29,TA 421 - DPR - 2026-06-29.xlsx,Master Sheet,Master Sheet,TA 421 Status,18,24,Stringing -R/S,stringing,,121.342,121.342,116.433,4.912,4.90869,1.475,121.34169,,,RS Completed
TA421,TA 421,,Progress Status,2026-06-29,TA 421 - DPR - 2026-06-29.xlsx,Master Sheet,Master Sheet,TA 421 Status,18,25,Stringing -F/S,stringing,,121.342,121.342,115.467,5.878,4.40269,,119.86969,1.472310000000007,2.0,40/0-41/0-42/0 - 1.475 Km -WIP
TA421,TA 421,,Progress Status,2026-06-29,TA 421 - DPR - 2026-06-29.xlsx,Master Sheet,Master Sheet,TA 421 Status,18,26,OPGW,opgw_stringing,,121.342,121.342,97.672,23.67,5.466,,103.138,18.20400000000001,1.0,WIP - 39/0 - 41/0
TA421,TA 421,,Progress Status,2026-06-30,TA 421 - DPR - 2026-06-30.xlsx,Master Sheet,Master Sheet,TA 421 Status,18,24,Stringing -R/S,stringing,,121.342,121.342,31.816,23.239,11.927,,43.74299999999999,77.599,2.0,17/0-18/0 (  1.539 km ) - Pilot Paying out  u/p    ;  AP 13/0 to 14/0(4.900 km) -Insulator Hosting t under Progress
TA421,TA 421,,Progress Status,2026-06-30,TA 421 - DPR - 2026-06-30.xlsx,Master Sheet,Master Sheet,TA 421 Status,18,25,Stringing -F/S,stringing,,121.342,121.342,31.816,23.239,11.927,,43.74299999999999,77.599,,
TA421,TA 421,,Progress Status,2026-06-30,TA 421 - DPR - 2026-06-30.xlsx,Master Sheet,Master Sheet,TA 421 Status,18,26,OPGW,opgw_stringing,,121.342,121.342,20.897,23.239,13.385,,34.282,87.06,,
TB408,TB 408,,Project Name-,2026-06-01,TB 408 - DPR - 2026-06-01.xlsx,Progress Summary,Progress Summary,TB 408 Status,4,10,"Paying Out 
(Kms)",paying_out,,191.392,191.392,125.953,25.0,,,125.953,31.67299999999999,2,AP12-13:- WIP.
TB408,TB 408,,Project Name-,2026-06-01,TB 408 - DPR - 2026-06-01.xlsx,Progress Summary,Progress Summary,TB 408 Status,4,11,"Final Sag 
(Kms)",final_sag,,191.392,191.392,125.9367,25.0,,,125.9367,31.6893,,"AP11A-12:- Completed
AP12-13:- WIP."
TB408,TB 408,,Project Name-,2026-06-01,TB 408 - DPR - 2026-06-01.xlsx,Progress Summary,Progress Summary,TB 408 Status,4,12,"OPGW 
(Kms)",opgw_stringing,,191.392,191.392,88.466,30.0,,,88.466,69.16,,
TB501,TB 501,,220kV Line,2026-06-08,TB 501 - DPR - 2026-06-08.xlsx,Summary,Summary,TB 501 Status,6,14,Stringing,stringing,,,,,,0.0,,,,,"32/0-33/0 Stringing WIP, Final checking Stringing WIP"
TB501,TB 501,,220kV Line,2026-06-08,TB 501 - DPR - 2026-06-08.xlsx,Summary,Summary,TB 501 Status,6,15,Paying Out,paying_out,,64.0,64.0,61.2,2.799999999999997,0.9516129999999876,0.0,62.15161299999999,1.84838700000001,0.0,
TB501,TB 501,,220kV Line,2026-06-08,TB 501 - DPR - 2026-06-08.xlsx,Summary,Summary,TB 501 Status,6,16,Final Sag,final_sag,,64.0,64.0,61.2,2.799999999999997,0.9516129999999876,0.0,62.15161299999999,1.84838700000001,,
TB501,TB 501,,220kV Line,2026-06-08,TB 501 - DPR - 2026-06-08.xlsx,Summary,Summary,TB 501 Status,6,17,OPGW,opgw_stringing,,64.0,64.0,53.721835,10.278165,10.38895099999999,0.0,64.11078599999999,-0.1107859999999903,0.0,
TB501,TB 501,,132kV Line,2026-06-08,TB 501 - DPR - 2026-06-08.xlsx,Summary,Summary,TB 501 Status,20,28,Stringing,stringing,,,,,,,,,,,
TB501,TB 501,,132kV Line,2026-06-08,TB 501 - DPR - 2026-06-08.xlsx,Summary,Summary,TB 501 Status,20,29,Paying Out,paying_out,,9.24,9.24,6.231,3.009,0.0003260000000002705,0.0,6.231326,3.008674,1.0,
TB501,TB 501,,132kV Line,2026-06-08,TB 501 - DPR - 2026-06-08.xlsx,Summary,Summary,TB 501 Status,20,30,Final Sag,final_sag,,9.24,9.24,6.231,3.009,0.0003260000000002705,0.0,6.231326,3.008674,,
TB501,TB 501,,132kV Line,2026-06-08,TB 501 - DPR - 2026-06-08.xlsx,Summary,Summary,TB 501 Status,20,31,OPGW,opgw_stringing,,9.24,9.24,0.0,9.0,6.231326,0.0,6.231326,3.008674,0.0,
TB501,TB 501,,220kV Line,2026-06-09,TB 501 - DPR - 2026-06-09.xlsx,Summary,Summary,TB 501 Status,6,14,Stringing,stringing,,,,,,0.0,,,,,"32/0-33/0-33/1 all Phase Final sag complet , Final checking Stringing WIP"
TB501,TB 501,,220kV Line,2026-06-09,TB 501 - DPR - 2026-06-09.xlsx,Summary,Summary,TB 501 Status,6,15,Paying Out,paying_out,,64.0,64.0,61.2,2.799999999999997,1.568100999999992,0.0,62.76810099999999,1.231899000000006,0.0,
TB501,TB 501,,220kV Line,2026-06-09,TB 501 - DPR - 2026-06-09.xlsx,Summary,Summary,TB 501 Status,6,16,Final Sag,final_sag,,64.0,64.0,61.2,2.799999999999997,1.568100999999992,0.0,62.76810099999999,1.231899000000006,,
TB501,TB 501,,220kV Line,2026-06-09,TB 501 - DPR - 2026-06-09.xlsx,Summary,Summary,TB 501 Status,6,17,OPGW,opgw_stringing,,64.0,64.0,53.721835,10.278165,9.517265999999992,0.0,63.23910099999999,0.7608990000000091,0.0,
TB501,TB 501,,132kV Line,2026-06-09,TB 501 - DPR - 2026-06-09.xlsx,Summary,Summary,TB 501 Status,20,28,Stringing,stringing,,,,,,,,,,,
TB501,TB 501,,132kV Line,2026-06-09,TB 501 - DPR - 2026-06-09.xlsx,Summary,Summary,TB 501 Status,20,29,Paying Out,paying_out,,9.24,9.24,6.231,3.009,0.0003260000000002705,0.0,6.231326,3.008674,1.0,
TB501,TB 501,,132kV Line,2026-06-09,TB 501 - DPR - 2026-06-09.xlsx,Summary,Summary,TB 501 Status,20,30,Final Sag,final_sag,,9.24,9.24,6.231,3.009,0.0003260000000002705,0.0,6.231326,3.008674,,
TB501,TB 501,,132kV Line,2026-06-09,TB 501 - DPR - 2026-06-09.xlsx,Summary,Summary,TB 501 Status,20,31,OPGW,opgw_stringing,,9.24,9.24,0.0,9.0,6.231326,0.0,6.231326,3.008674,0.0,
TB501,TB 501,,220kV Line,2026-06-13,TB 501 - DPR - 2026-06-13.xlsx,Summary,Summary,TB 501 Status,6,14,Stringing,stringing,,,,,,0.0,,,,,"8C/0 to 8D/3 Stringing final checking done, 33/1 Jumper done"
TB501,TB 501,,220kV Line,2026-06-13,TB 501 - DPR - 2026-06-13.xlsx,Summary,Summary,TB 501 Status,6,15,Paying Out,paying_out,,64.0,64.0,61.2,2.799999999999997,1.775100999999992,0.0,62.975101,1.024899000000005,0.0,
TB501,TB 501,,220kV Line,2026-06-13,TB 501 - DPR - 2026-06-13.xlsx,Summary,Summary,TB 501 Status,6,16,Final Sag,final_sag,,64.0,64.0,61.2,2.799999999999997,1.775100999999992,0.0,62.975101,1.024899000000005,,
TB501,TB 501,,220kV Line,2026-06-13,TB 501 - DPR - 2026-06-13.xlsx,Summary,Summary,TB 501 Status,6,17,OPGW,opgw_stringing,,64.0,64.0,53.721835,10.278165,9.517265999999992,0.0,63.23910099999999,0.7608990000000091,0.0,
TB501,TB 501,,132kV Line,2026-06-13,TB 501 - DPR - 2026-06-13.xlsx,Summary,Summary,TB 501 Status,20,28,Stringing,stringing,,,,,,,,,,,
TB501,TB 501,,132kV Line,2026-06-13,TB 501 - DPR - 2026-06-13.xlsx,Summary,Summary,TB 501 Status,20,29,Paying Out,paying_out,,9.24,9.24,6.231,3.009,0.0003260000000002705,0.0,6.231326,3.008674,1.0,
TB501,TB 501,,132kV Line,2026-06-13,TB 501 - DPR - 2026-06-13.xlsx,Summary,Summary,TB 501 Status,20,30,Final Sag,final_sag,,9.24,9.24,6.231,3.009,0.0003260000000002705,0.0,6.231326,3.008674,,
TB501,TB 501,,132kV Line,2026-06-13,TB 501 - DPR - 2026-06-13.xlsx,Summary,Summary,TB 501 Status,20,31,OPGW,opgw_stringing,,9.24,9.24,0.0,9.0,6.231326,0.0,6.231326,3.008674,0.0,
TB501,TB 501,,220kV Line,2026-06-15,TB 501 - DPR - 2026-06-15.xlsx,Summary,Summary,TB 501 Status,6,14,Stringing,stringing,,,,,,0.0,,,,,"8D/4 to 8E/1 Stringing final checking done,"
TB501,TB 501,,220kV Line,2026-06-15,TB 501 - DPR - 2026-06-15.xlsx,Summary,Summary,TB 501 Status,6,15,Paying Out,paying_out,,64.0,64.0,61.2,2.799999999999997,1.775100999999992,0.0,62.975101,1.024899000000005,0.0,
TB501,TB 501,,220kV Line,2026-06-15,TB 501 - DPR - 2026-06-15.xlsx,Summary,Summary,TB 501 Status,6,16,Final Sag,final_sag,,64.0,64.0,61.2,2.799999999999997,1.775100999999992,0.0,62.975101,1.024899000000005,,
TB501,TB 501,,220kV Line,2026-06-15,TB 501 - DPR - 2026-06-15.xlsx,Summary,Summary,TB 501 Status,6,17,OPGW,opgw_stringing,,64.0,64.0,53.721835,10.278165,9.517265999999992,0.0,63.23910099999999,0.7608990000000091,0.0,
TB501,TB 501,,132kV Line,2026-06-15,TB 501 - DPR - 2026-06-15.xlsx,Summary,Summary,TB 501 Status,20,28,Stringing,stringing,,,,,,,,,,,
TB501,TB 501,,132kV Line,2026-06-15,TB 501 - DPR - 2026-06-15.xlsx,Summary,Summary,TB 501 Status,20,29,Paying Out,paying_out,,9.24,9.24,6.231,3.009,0.0003260000000002705,0.0,6.231326,3.008674,1.0,
TB501,TB 501,,132kV Line,2026-06-15,TB 501 - DPR - 2026-06-15.xlsx,Summary,Summary,TB 501 Status,20,30,Final Sag,final_sag,,9.24,9.24,6.231,3.009,0.0003260000000002705,0.0,6.231326,3.008674,,
TB501,TB 501,,132kV Line,2026-06-15,TB 501 - DPR - 2026-06-15.xlsx,Summary,Summary,TB 501 Status,20,31,OPGW,opgw_stringing,,9.24,9.24,0.0,9.0,6.231326,0.0,6.231326,3.008674,0.0,
TB501,TB 501,,220kV Line,2026-06-17,TB 501 - DPR - 2026-06-17.xlsx,Summary,Summary,TB 501 Status,6,14,Stringing,stringing,,,,,,0.0,,,,,"4/9 to 4/10 Bottom Final sag done, 9/0 to 9/4 Stringing final checking done,"
TB501,TB 501,,220kV Line,2026-06-17,TB 501 - DPR - 2026-06-17.xlsx,Summary,Summary,TB 501 Status,6,15,Paying Out,paying_out,,64.0,64.0,61.2,2.799999999999997,1.775100999999992,0.0,62.975101,1.024899000000005,0.0,
TB501,TB 501,,220kV Line,2026-06-17,TB 501 - DPR - 2026-06-17.xlsx,Summary,Summary,TB 501 Status,6,16,Final Sag,final_sag,,64.0,64.0,61.2,2.799999999999997,1.775100999999992,0.0,62.975101,1.024899000000005,,
TB501,TB 501,,220kV Line,2026-06-17,TB 501 - DPR - 2026-06-17.xlsx,Summary,Summary,TB 501 Status,6,17,OPGW,opgw_stringing,,64.0,64.0,53.721835,10.278165,9.517265999999992,0.0,63.23910099999999,0.7608990000000091,0.0,
TB501,TB 501,,132kV Line,2026-06-17,TB 501 - DPR - 2026-06-17.xlsx,Summary,Summary,TB 501 Status,20,28,Stringing,stringing,,,,,,,,,,,
TB501,TB 501,,132kV Line,2026-06-17,TB 501 - DPR - 2026-06-17.xlsx,Summary,Summary,TB 501 Status,20,29,Paying Out,paying_out,,9.24,9.24,6.231,3.009,0.0003260000000002705,0.0,6.231326,3.008674,1.0,
TB501,TB 501,,132kV Line,2026-06-17,TB 501 - DPR - 2026-06-17.xlsx,Summary,Summary,TB 501 Status,20,30,Final Sag,final_sag,,9.24,9.24,6.231,3.009,0.0003260000000002705,0.0,6.231326,3.008674,,
TB501,TB 501,,132kV Line,2026-06-17,TB 501 - DPR - 2026-06-17.xlsx,Summary,Summary,TB 501 Status,20,31,OPGW,opgw_stringing,,9.24,9.24,0.0,9.0,6.231326,0.0,6.231326,3.008674,0.0,
TB501,TB 501,,220kV Line,2026-06-18,TB 501 - DPR - 2026-06-18.xlsx,Summary,Summary,TB 501 Status,6,14,Stringing,stringing,,,,,,0.0,,,,,"8E/8, 8E/9, 8E/10,9/5, 9/6, 9/7 Stringing final checking done,"
TB501,TB 501,,220kV Line,2026-06-18,TB 501 - DPR - 2026-06-18.xlsx,Summary,Summary,TB 501 Status,6,15,Paying Out,paying_out,,64.0,64.0,61.2,2.799999999999997,1.775100999999992,0.0,62.975101,1.024899000000005,0.0,
TB501,TB 501,,220kV Line,2026-06-18,TB 501 - DPR - 2026-06-18.xlsx,Summary,Summary,TB 501 Status,6,16,Final Sag,final_sag,,64.0,64.0,61.2,2.799999999999997,1.775100999999992,0.0,62.975101,1.024899000000005,,
TB501,TB 501,,220kV Line,2026-06-18,TB 501 - DPR - 2026-06-18.xlsx,Summary,Summary,TB 501 Status,6,17,OPGW,opgw_stringing,,64.0,64.0,53.721835,10.278165,9.517265999999992,0.0,63.23910099999999,0.7608990000000091,0.0,
TB501,TB 501,,132kV Line,2026-06-18,TB 501 - DPR - 2026-06-18.xlsx,Summary,Summary,TB 501 Status,20,28,Stringing,stringing,,,,,,,,,,,
TB501,TB 501,,132kV Line,2026-06-18,TB 501 - DPR - 2026-06-18.xlsx,Summary,Summary,TB 501 Status,20,29,Paying Out,paying_out,,9.24,9.24,6.231,3.009,0.0003260000000002705,0.0,6.231326,3.008674,1.0,
TB501,TB 501,,132kV Line,2026-06-18,TB 501 - DPR - 2026-06-18.xlsx,Summary,Summary,TB 501 Status,20,30,Final Sag,final_sag,,9.24,9.24,6.231,3.009,0.0003260000000002705,0.0,6.231326,3.008674,,
TB501,TB 501,,132kV Line,2026-06-18,TB 501 - DPR - 2026-06-18.xlsx,Summary,Summary,TB 501 Status,20,31,OPGW,opgw_stringing,,9.24,9.24,0.0,9.0,6.231326,0.0,6.231326,3.008674,0.0,
TB501,TB 501,,220kV Line,2026-06-22,TB 501 - DPR - 2026-06-22.xlsx,Summary,Summary,TB 501 Status,6,14,Stringing,stringing,,,,,,0.0,,,,,4/6-4/9 Stringing Wip
TB501,TB 501,,220kV Line,2026-06-22,TB 501 - DPR - 2026-06-22.xlsx,Summary,Summary,TB 501 Status,6,15,Paying Out,paying_out,,64.0,64.0,61.2,2.799999999999997,1.775100999999992,0.0,62.975101,1.024899000000005,0.0,
TB501,TB 501,,220kV Line,2026-06-22,TB 501 - DPR - 2026-06-22.xlsx,Summary,Summary,TB 501 Status,6,16,Final Sag,final_sag,,64.0,64.0,61.2,2.799999999999997,1.775100999999992,0.0,62.975101,1.024899000000005,,
TB501,TB 501,,220kV Line,2026-06-22,TB 501 - DPR - 2026-06-22.xlsx,Summary,Summary,TB 501 Status,6,17,OPGW,opgw_stringing,,64.0,64.0,53.721835,10.278165,9.517265999999992,0.0,63.23910099999999,0.7608990000000091,0.0,
TB501,TB 501,,132kV Line,2026-06-22,TB 501 - DPR - 2026-06-22.xlsx,Summary,Summary,TB 501 Status,20,28,Stringing,stringing,,,,,,,,,,,
TB501,TB 501,,132kV Line,2026-06-22,TB 501 - DPR - 2026-06-22.xlsx,Summary,Summary,TB 501 Status,20,29,Paying Out,paying_out,,9.24,9.24,6.231,3.009,0.0003260000000002705,0.0,6.231326,3.008674,1.0,
TB501,TB 501,,132kV Line,2026-06-22,TB 501 - DPR - 2026-06-22.xlsx,Summary,Summary,TB 501 Status,20,30,Final Sag,final_sag,,9.24,9.24,6.231,3.009,0.0003260000000002705,0.0,6.231326,3.008674,,
TB501,TB 501,,132kV Line,2026-06-22,TB 501 - DPR - 2026-06-22.xlsx,Summary,Summary,TB 501 Status,20,31,OPGW,opgw_stringing,,9.24,9.24,0.0,9.0,6.231326,0.0,6.231326,3.008674,0.0,
TB501,TB 501,,220kV Line,2026-06-25,TB 501 - DPR - 2026-06-25.xlsx,Summary,Summary,TB 501 Status,6,14,Stringing,stringing,,,,,,0.0,,,,,"4/6-4/9 Stringing payingout done, Coping work done 0/0-4/17"
TB501,TB 501,,220kV Line,2026-06-25,TB 501 - DPR - 2026-06-25.xlsx,Summary,Summary,TB 501 Status,6,15,Paying Out,paying_out,,64.0,64.0,61.2,2.799999999999997,1.775100999999992,0.0,62.975101,1.024899000000005,0.0,
TB501,TB 501,,220kV Line,2026-06-25,TB 501 - DPR - 2026-06-25.xlsx,Summary,Summary,TB 501 Status,6,16,Final Sag,final_sag,,64.0,64.0,61.2,2.799999999999997,1.775100999999992,0.0,62.975101,1.024899000000005,,
TB501,TB 501,,220kV Line,2026-06-25,TB 501 - DPR - 2026-06-25.xlsx,Summary,Summary,TB 501 Status,6,17,OPGW,opgw_stringing,,64.0,64.0,53.721835,10.278165,9.517265999999992,0.0,63.23910099999999,0.7608990000000091,0.0,
TB501,TB 501,,132kV Line,2026-06-25,TB 501 - DPR - 2026-06-25.xlsx,Summary,Summary,TB 501 Status,20,28,Stringing,stringing,,,,,,,,,,,
TB501,TB 501,,132kV Line,2026-06-25,TB 501 - DPR - 2026-06-25.xlsx,Summary,Summary,TB 501 Status,20,29,Paying Out,paying_out,,9.24,9.24,6.231,3.009,0.0003260000000002705,0.0,6.231326,3.008674,1.0,
TB501,TB 501,,132kV Line,2026-06-25,TB 501 - DPR - 2026-06-25.xlsx,Summary,Summary,TB 501 Status,20,30,Final Sag,final_sag,,9.24,9.24,6.231,3.009,0.0003260000000002705,0.0,6.231326,3.008674,,
TB501,TB 501,,132kV Line,2026-06-25,TB 501 - DPR - 2026-06-25.xlsx,Summary,Summary,TB 501 Status,20,31,OPGW,opgw_stringing,,9.24,9.24,0.0,9.0,6.231326,0.0,6.231326,3.008674,0.0,
TB501,TB 501,,220kV Line,2026-06-27,TB 501 - DPR - 2026-06-27.xlsx,Summary,Summary,TB 501 Status,6,14,Stringing,stringing,,,,,,0.0,,,,,"4/6-4/7 Stringing Top final sag done,"
TB501,TB 501,,220kV Line,2026-06-27,TB 501 - DPR - 2026-06-27.xlsx,Summary,Summary,TB 501 Status,6,15,Paying Out,paying_out,,64.0,64.0,61.2,2.799999999999997,2.46510099999999,0.0,63.66510099999999,0.3348990000000072,0.0,
TB501,TB 501,,220kV Line,2026-06-27,TB 501 - DPR - 2026-06-27.xlsx,Summary,Summary,TB 501 Status,6,16,Final Sag,final_sag,,64.0,64.0,61.2,2.799999999999997,2.46510099999999,0.0,63.66510099999999,0.3348990000000072,,
TB501,TB 501,,220kV Line,2026-06-27,TB 501 - DPR - 2026-06-27.xlsx,Summary,Summary,TB 501 Status,6,17,OPGW,opgw_stringing,,64.0,64.0,53.721835,10.278165,9.517265999999992,0.0,63.23910099999999,0.7608990000000091,0.0,
TB501,TB 501,,132kV Line,2026-06-27,TB 501 - DPR - 2026-06-27.xlsx,Summary,Summary,TB 501 Status,20,28,Stringing,stringing,,,,,,,,,,,
TB501,TB 501,,132kV Line,2026-06-27,TB 501 - DPR - 2026-06-27.xlsx,Summary,Summary,TB 501 Status,20,29,Paying Out,paying_out,,9.24,9.24,6.231,3.009,0.0003260000000002705,0.0,6.231326,3.008674,1.0,"2/1-2/0 Stringing Wip,"
TB501,TB 501,,132kV Line,2026-06-27,TB 501 - DPR - 2026-06-27.xlsx,Summary,Summary,TB 501 Status,20,30,Final Sag,final_sag,,9.24,9.24,6.231,3.009,0.0003260000000002705,0.0,6.231326,3.008674,,
TB501,TB 501,,132kV Line,2026-06-27,TB 501 - DPR - 2026-06-27.xlsx,Summary,Summary,TB 501 Status,20,31,OPGW,opgw_stringing,,9.24,9.24,0.0,9.0,6.231326,0.0,6.231326,3.008674,0.0,
TB501,TB 501,,220kV Line,2026-06-29,TB 501 - DPR - 2026-06-29.xlsx,Summary,Summary,TB 501 Status,6,14,Stringing,stringing,,,,,,0.0,,,,,14/0 to 14/2 Stringing final checking done
TB501,TB 501,,220kV Line,2026-06-29,TB 501 - DPR - 2026-06-29.xlsx,Summary,Summary,TB 501 Status,6,15,Paying Out,paying_out,,64.03,64.03,61.2,2.799999999999997,2.825100999999989,0.0,64.02510099999999,0.004899000000008868,0.0,
TB501,TB 501,,220kV Line,2026-06-29,TB 501 - DPR - 2026-06-29.xlsx,Summary,Summary,TB 501 Status,6,16,Final Sag,final_sag,,64.03,64.03,61.2,2.799999999999997,2.825100999999989,0.0,64.02510099999999,0.004899000000008868,,
TB501,TB 501,,220kV Line,2026-06-29,TB 501 - DPR - 2026-06-29.xlsx,Summary,Summary,TB 501 Status,6,17,OPGW,opgw_stringing,,64.03,64.03,53.721835,10.278165,9.517265999999992,0.0,63.23910099999999,0.7908990000000102,0.0,
TB501,TB 501,,132kV Line,2026-06-29,TB 501 - DPR - 2026-06-29.xlsx,Summary,Summary,TB 501 Status,20,28,Stringing,stringing,,,,,,,,,,,
TB501,TB 501,,132kV Line,2026-06-29,TB 501 - DPR - 2026-06-29.xlsx,Summary,Summary,TB 501 Status,20,29,Paying Out,paying_out,,9.24,9.24,6.231,3.009,0.4839259999999994,0.0,6.714925999999999,2.525074000000001,1.0,"1/0-2/0 Stringing Wip,"
TB501,TB 501,,132kV Line,2026-06-29,TB 501 - DPR - 2026-06-29.xlsx,Summary,Summary,TB 501 Status,20,30,Final Sag,final_sag,,9.24,9.24,6.231,3.009,0.4839259999999994,0.0,6.714925999999999,2.525074000000001,,
TB501,TB 501,,132kV Line,2026-06-29,TB 501 - DPR - 2026-06-29.xlsx,Summary,Summary,TB 501 Status,20,31,OPGW,opgw_stringing,,9.24,9.24,0.0,9.0,6.231326,0.0,6.231326,3.008674,0.0,
TB501,TB 501,,220kV Line,2026-06-30,TB 501 - DPR - 2026-06-30.xlsx,Summary,Summary,TB 501 Status,6,14,Stringing,stringing,,,,,,0.0,,,,,"14/3 to 14/6 Stringing final checking done, 4/7-4/8- Jumper fixing done"
TB501,TB 501,,220kV Line,2026-06-30,TB 501 - DPR - 2026-06-30.xlsx,Summary,Summary,TB 501 Status,6,15,Paying Out,paying_out,,64.03,64.03,61.2,2.799999999999997,2.825100999999989,0.0,64.02510099999999,0.004899000000008868,0.0,
TB501,TB 501,,220kV Line,2026-06-30,TB 501 - DPR - 2026-06-30.xlsx,Summary,Summary,TB 501 Status,6,16,Final Sag,final_sag,,64.03,64.03,61.2,2.799999999999997,2.825100999999989,0.0,64.02510099999999,0.004899000000008868,,
TB501,TB 501,,220kV Line,2026-06-30,TB 501 - DPR - 2026-06-30.xlsx,Summary,Summary,TB 501 Status,6,17,OPGW,opgw_stringing,,64.03,64.03,53.721835,10.278165,9.517265999999992,0.0,63.23910099999999,0.7908990000000102,0.0,
TB501,TB 501,,132kV Line,2026-06-30,TB 501 - DPR - 2026-06-30.xlsx,Summary,Summary,TB 501 Status,20,28,Stringing,stringing,,,,,,,,,,,
TB501,TB 501,,132kV Line,2026-06-30,TB 501 - DPR - 2026-06-30.xlsx,Summary,Summary,TB 501 Status,20,29,Paying Out,paying_out,,9.24,9.24,6.231,3.009,0.4839259999999994,0.0,6.714925999999999,2.525074000000001,1.0,"1/0-2/0-Top Conductor final sag done, 2/0-2/1-Top Conductor final sag done, 2/1-3/0- 4 Phase final sag done"
TB501,TB 501,,132kV Line,2026-06-30,TB 501 - DPR - 2026-06-30.xlsx,Summary,Summary,TB 501 Status,20,30,Final Sag,final_sag,,9.24,9.24,6.231,3.009,0.4839259999999994,0.0,6.714925999999999,2.525074000000001,,
TB501,TB 501,,132kV Line,2026-06-30,TB 501 - DPR - 2026-06-30.xlsx,Summary,Summary,TB 501 Status,20,31,OPGW,opgw_stringing,,9.24,9.24,0.0,9.0,6.231326,0.0,6.231326,3.008674,0.0,
TB507,TB 507,MAIN,Progress Summary,2026-06-08,TB 507 [MAIN] - DPR - 2026-06-08.xlsx,400kV Summery,400kV Summery,TB 507 400kV Status,10,19,Stringing (Kms),stringing,,,,,,,,,,,
TB507,TB 507,765kV,Progress Summary,2026-06-08,TB 507 - DPR - 2026-06-08.xlsx,765kV Summery,765kV Summery,TB 507 765kV Status,10,19,Stringing (Kms),stringing,,,,,,,,,0.0,,
TB507,TB 507,MAIN,Progress Summary,2026-06-08,TB 507 [MAIN] - DPR - 2026-06-08.xlsx,400kV Summery,400kV Summery,TB 507 400kV Status,10,20,Paying Out (Kms),paying_out,184.0,188.678,188.678,21.797,21.084,,,21.797,166.881,2.0,40.0
TB507,TB 507,765kV,Progress Summary,2026-06-08,TB 507 - DPR - 2026-06-08.xlsx,765kV Summery,765kV Summery,TB 507 765kV Status,10,20,Paying Out (Kms),paying_out,15.478,15.478,15.478,0.0,,,,0.0,15.478,,
TB507,TB 507,MAIN,Progress Summary,2026-06-08,TB 507 [MAIN] - DPR - 2026-06-08.xlsx,400kV Summery,400kV Summery,TB 507 400kV Status,10,21,Final Sag (Kms),final_sag,184.0,188.678,188.678,21.36,21.084,,,21.36,167.318,,
TB507,TB 507,765kV,Progress Summary,2026-06-08,TB 507 - DPR - 2026-06-08.xlsx,765kV Summery,765kV Summery,TB 507 765kV Status,10,21,Final Sag (Kms),final_sag,15.478,15.478,15.478,0.0,,,,0.0,15.478,,
TB507,TB 507,MAIN,Progress Summary,2026-06-08,TB 507 [MAIN] - DPR - 2026-06-08.xlsx,400kV Summery,400kV Summery,TB 507 400kV Status,10,22,OPGW Stringing (Kms),opgw_stringing,184.0,188.678,188.678,0.0,,,,,,,
TB507,TB 507,765kV,Progress Summary,2026-06-08,TB 507 - DPR - 2026-06-08.xlsx,765kV Summery,765kV Summery,TB 507 765kV Status,10,22,OPGW Stringing (Kms),opgw_stringing,15.478,15.478,15.478,0.0,,,,0.0,15.478,,
TB507,TB 507,MAIN,Progress Summary,2026-06-08,TB 507 [MAIN] - DPR - 2026-06-08.xlsx,400kV Summery,400kV Summery,TB 507 400kV Status,10,23,Paying Out (Kms),paying_out,184.0,188.678,188.678,,,,,0.0,188.678,,
TB507,TB 507,MAIN,Progress Summary,2026-06-08,TB 507 [MAIN] - DPR - 2026-06-08.xlsx,400kV Summery,400kV Summery,TB 507 400kV Status,10,24,Final Sag (Kms),final_sag,184.0,188.678,188.678,,,,,0.0,188.678,,
TB507,TB 507,MAIN,Progress Summary,2026-06-11,TB 507 [MAIN] - DPR - 2026-06-11.xlsx,400kV Summery,400kV Summery,TB 507 400kV Status,10,19,Stringing (Kms),stringing,,,,,,,,,,,
TB507,TB 507,765kV,Progress Summary,2026-06-11,TB 507 - DPR - 2026-06-11.xlsx,765kV Summery,765kV Summery,TB 507 765kV Status,10,19,Stringing (Kms),stringing,,,,,,,,,0.0,,
TB507,TB 507,MAIN,Progress Summary,2026-06-11,TB 507 [MAIN] - DPR - 2026-06-11.xlsx,400kV Summery,400kV Summery,TB 507 400kV Status,10,20,Paying Out (Kms),paying_out,184.0,188.678,188.678,21.797,21.084,,,21.797,166.881,2.0,40.0
TB507,TB 507,765kV,Progress Summary,2026-06-11,TB 507 - DPR - 2026-06-11.xlsx,765kV Summery,765kV Summery,TB 507 765kV Status,10,20,Paying Out (Kms),paying_out,15.478,15.478,15.478,0.0,,,,0.0,15.478,,
TB507,TB 507,MAIN,Progress Summary,2026-06-11,TB 507 [MAIN] - DPR - 2026-06-11.xlsx,400kV Summery,400kV Summery,TB 507 400kV Status,10,21,Final Sag (Kms),final_sag,184.0,188.678,188.678,21.36,21.084,,,21.36,167.318,,
TB507,TB 507,765kV,Progress Summary,2026-06-11,TB 507 - DPR - 2026-06-11.xlsx,765kV Summery,765kV Summery,TB 507 765kV Status,10,21,Final Sag (Kms),final_sag,15.478,15.478,15.478,0.0,,,,0.0,15.478,,
TB507,TB 507,MAIN,Progress Summary,2026-06-11,TB 507 [MAIN] - DPR - 2026-06-11.xlsx,400kV Summery,400kV Summery,TB 507 400kV Status,10,22,OPGW Stringing (Kms),opgw_stringing,184.0,188.678,188.678,0.0,,,,,,,
TB507,TB 507,765kV,Progress Summary,2026-06-11,TB 507 - DPR - 2026-06-11.xlsx,765kV Summery,765kV Summery,TB 507 765kV Status,10,22,OPGW Stringing (Kms),opgw_stringing,15.478,15.478,15.478,0.0,,,,0.0,15.478,,
TB507,TB 507,MAIN,Progress Summary,2026-06-11,TB 507 [MAIN] - DPR - 2026-06-11.xlsx,400kV Summery,400kV Summery,TB 507 400kV Status,10,23,Paying Out (Kms),paying_out,184.0,188.678,188.678,,,,,0.0,188.678,,
TB507,TB 507,MAIN,Progress Summary,2026-06-11,TB 507 [MAIN] - DPR - 2026-06-11.xlsx,400kV Summery,400kV Summery,TB 507 400kV Status,10,24,Final Sag (Kms),final_sag,184.0,188.678,188.678,,,,,0.0,188.678,,
TB507,TB 507,MAIN,Progress Summary,2026-06-12,TB 507 [MAIN] - DPR - 2026-06-12.xlsx,400kV Summery,400kV Summery,TB 507 400kV Status,10,19,Stringing (Kms),stringing,,,,,,,,,,,
TB507,TB 507,765kV,Progress Summary,2026-06-12,TB 507 - DPR - 2026-06-12.xlsx,765kV Summery,765kV Summery,TB 507 765kV Status,10,19,Stringing (Kms),stringing,,,,,,,,,0.0,,
TB507,TB 507,MAIN,Progress Summary,2026-06-12,TB 507 [MAIN] - DPR - 2026-06-12.xlsx,400kV Summery,400kV Summery,TB 507 400kV Status,10,20,Paying Out (Kms),paying_out,184.0,188.678,188.678,21.797,21.084,,,21.797,166.881,2.0,54.0
TB507,TB 507,765kV,Progress Summary,2026-06-12,TB 507 - DPR - 2026-06-12.xlsx,765kV Summery,765kV Summery,TB 507 765kV Status,10,20,Paying Out (Kms),paying_out,15.478,15.478,15.478,0.0,,,,0.0,15.478,,
TB507,TB 507,MAIN,Progress Summary,2026-06-12,TB 507 [MAIN] - DPR - 2026-06-12.xlsx,400kV Summery,400kV Summery,TB 507 400kV Status,10,21,Final Sag (Kms),final_sag,184.0,188.678,188.678,21.36,21.084,,,21.36,167.318,,
TB507,TB 507,765kV,Progress Summary,2026-06-12,TB 507 - DPR - 2026-06-12.xlsx,765kV Summery,765kV Summery,TB 507 765kV Status,10,21,Final Sag (Kms),final_sag,15.478,15.478,15.478,0.0,,,,0.0,15.478,,
TB507,TB 507,MAIN,Progress Summary,2026-06-12,TB 507 [MAIN] - DPR - 2026-06-12.xlsx,400kV Summery,400kV Summery,TB 507 400kV Status,10,22,OPGW Stringing (Kms),opgw_stringing,184.0,188.678,188.678,0.0,,,,,,,
TB507,TB 507,765kV,Progress Summary,2026-06-12,TB 507 - DPR - 2026-06-12.xlsx,765kV Summery,765kV Summery,TB 507 765kV Status,10,22,OPGW Stringing (Kms),opgw_stringing,15.478,15.478,15.478,0.0,,,,0.0,15.478,,
TB507,TB 507,MAIN,Progress Summary,2026-06-12,TB 507 [MAIN] - DPR - 2026-06-12.xlsx,400kV Summery,400kV Summery,TB 507 400kV Status,10,23,Paying Out (Kms),paying_out,184.0,188.678,188.678,,,,,0.0,188.678,,
TB507,TB 507,MAIN,Progress Summary,2026-06-12,TB 507 [MAIN] - DPR - 2026-06-12.xlsx,400kV Summery,400kV Summery,TB 507 400kV Status,10,24,Final Sag (Kms),final_sag,184.0,188.678,188.678,,,,,0.0,188.678,,
TB507,TB 507,MAIN,Progress Summary,2026-06-15,TB 507 [MAIN] - DPR - 2026-06-15.xlsx,400kV Summery,400kV Summery,TB 507 400kV Status,10,19,Stringing (Kms),stringing,,,,,,,,,,,
TB507,TB 507,765kV,Progress Summary,2026-06-15,TB 507 - DPR - 2026-06-15.xlsx,765kV Summery,765kV Summery,TB 507 765kV Status,10,19,Stringing (Kms),stringing,,,,,,,,,0.0,,
TB507,TB 507,MAIN,Progress Summary,2026-06-15,TB 507 [MAIN] - DPR - 2026-06-15.xlsx,400kV Summery,400kV Summery,TB 507 400kV Status,10,20,Paying Out (Kms),paying_out,184.0,188.678,188.678,21.797,21.084,,,21.797,166.881,2.0,54.0
TB507,TB 507,765kV,Progress Summary,2026-06-15,TB 507 - DPR - 2026-06-15.xlsx,765kV Summery,765kV Summery,TB 507 765kV Status,10,20,Paying Out (Kms),paying_out,15.478,15.478,15.478,0.0,,,,0.0,15.478,,
TB507,TB 507,MAIN,Progress Summary,2026-06-15,TB 507 [MAIN] - DPR - 2026-06-15.xlsx,400kV Summery,400kV Summery,TB 507 400kV Status,10,21,Final Sag (Kms),final_sag,184.0,188.678,188.678,21.36,21.084,,,21.36,167.318,,
TB507,TB 507,765kV,Progress Summary,2026-06-15,TB 507 - DPR - 2026-06-15.xlsx,765kV Summery,765kV Summery,TB 507 765kV Status,10,21,Final Sag (Kms),final_sag,15.478,15.478,15.478,0.0,,,,0.0,15.478,,
TB507,TB 507,MAIN,Progress Summary,2026-06-15,TB 507 [MAIN] - DPR - 2026-06-15.xlsx,400kV Summery,400kV Summery,TB 507 400kV Status,10,22,OPGW Stringing (Kms),opgw_stringing,184.0,188.678,188.678,0.0,,,,,,,
TB507,TB 507,765kV,Progress Summary,2026-06-15,TB 507 - DPR - 2026-06-15.xlsx,765kV Summery,765kV Summery,TB 507 765kV Status,10,22,OPGW Stringing (Kms),opgw_stringing,15.478,15.478,15.478,0.0,,,,0.0,15.478,,
TB507,TB 507,MAIN,Progress Summary,2026-06-15,TB 507 [MAIN] - DPR - 2026-06-15.xlsx,400kV Summery,400kV Summery,TB 507 400kV Status,10,23,Paying Out (Kms),paying_out,184.0,188.678,188.678,,,,,0.0,188.678,,
TB507,TB 507,MAIN,Progress Summary,2026-06-15,TB 507 [MAIN] - DPR - 2026-06-15.xlsx,400kV Summery,400kV Summery,TB 507 400kV Status,10,24,Final Sag (Kms),final_sag,184.0,188.678,188.678,,,,,0.0,188.678,,
TB507,TB 507,MAIN,Progress Summary,2026-06-17,TB 507 [MAIN] - DPR - 2026-06-17.xlsx,400kV Summery,400kV Summery,TB 507 400kV Status,10,19,Stringing (Kms),stringing,,,,,,,,,,,
TB507,TB 507,765kV,Progress Summary,2026-06-17,TB 507 - DPR - 2026-06-17.xlsx,765kV Summery,765kV Summery,TB 507 765kV Status,10,19,Stringing (Kms),stringing,,,,,,,,,0.0,,
TB507,TB 507,MAIN,Progress Summary,2026-06-17,TB 507 [MAIN] - DPR - 2026-06-17.xlsx,400kV Summery,400kV Summery,TB 507 400kV Status,10,20,Paying Out (Kms),paying_out,184.0,188.678,188.678,21.797,21.084,0.425,,22.222,166.456,2.0,54.0
TB507,TB 507,765kV,Progress Summary,2026-06-17,TB 507 - DPR - 2026-06-17.xlsx,765kV Summery,765kV Summery,TB 507 765kV Status,10,20,Paying Out (Kms),paying_out,15.478,15.478,15.478,0.0,,,,0.0,15.478,,
TB507,TB 507,MAIN,Progress Summary,2026-06-17,TB 507 [MAIN] - DPR - 2026-06-17.xlsx,400kV Summery,400kV Summery,TB 507 400kV Status,10,21,Final Sag (Kms),final_sag,184.0,188.678,188.678,21.36,21.084,,,21.36,167.318,,
TB507,TB 507,765kV,Progress Summary,2026-06-17,TB 507 - DPR - 2026-06-17.xlsx,765kV Summery,765kV Summery,TB 507 765kV Status,10,21,Final Sag (Kms),final_sag,15.478,15.478,15.478,0.0,,,,0.0,15.478,,
TB507,TB 507,MAIN,Progress Summary,2026-06-17,TB 507 [MAIN] - DPR - 2026-06-17.xlsx,400kV Summery,400kV Summery,TB 507 400kV Status,10,22,OPGW Stringing (Kms),opgw_stringing,184.0,188.678,188.678,0.0,,,,,,,
TB507,TB 507,765kV,Progress Summary,2026-06-17,TB 507 - DPR - 2026-06-17.xlsx,765kV Summery,765kV Summery,TB 507 765kV Status,10,22,OPGW Stringing (Kms),opgw_stringing,15.478,15.478,15.478,0.0,,,,0.0,15.478,,
TB507,TB 507,MAIN,Progress Summary,2026-06-17,TB 507 [MAIN] - DPR - 2026-06-17.xlsx,400kV Summery,400kV Summery,TB 507 400kV Status,10,23,Paying Out (Kms),paying_out,184.0,188.678,188.678,,,,,0.0,188.678,,
TB507,TB 507,MAIN,Progress Summary,2026-06-17,TB 507 [MAIN] - DPR - 2026-06-17.xlsx,400kV Summery,400kV Summery,TB 507 400kV Status,10,24,Final Sag (Kms),final_sag,184.0,188.678,188.678,,,,,0.0,188.678,,
TB507,TB 507,MAIN,Progress Summary,2026-06-20,TB 507 [MAIN] - DPR - 2026-06-20.xlsx,400kV Summery,400kV Summery,TB 507 400kV Status,10,19,Stringing (Kms),stringing,,,,,,,,,,,
TB507,TB 507,765kV,Progress Summary,2026-06-20,TB 507 - DPR - 2026-06-20.xlsx,765kV Summery,765kV Summery,TB 507 765kV Status,10,19,Stringing (Kms),stringing,,,,,,,,,0.0,,
TB507,TB 507,MAIN,Progress Summary,2026-06-20,TB 507 [MAIN] - DPR - 2026-06-20.xlsx,400kV Summery,400kV Summery,TB 507 400kV Status,10,20,Paying Out (Kms),paying_out,184.0,188.678,188.678,21.797,21.084,0.425,,22.222,166.456,2.0,54.0
TB507,TB 507,765kV,Progress Summary,2026-06-20,TB 507 - DPR - 2026-06-20.xlsx,765kV Summery,765kV Summery,TB 507 765kV Status,10,20,Paying Out (Kms),paying_out,15.478,15.478,15.478,0.0,,,,0.0,15.478,,
TB507,TB 507,MAIN,Progress Summary,2026-06-20,TB 507 [MAIN] - DPR - 2026-06-20.xlsx,400kV Summery,400kV Summery,TB 507 400kV Status,10,21,Final Sag (Kms),final_sag,184.0,188.678,188.678,21.36,21.084,,,21.36,167.318,,
TB507,TB 507,765kV,Progress Summary,2026-06-20,TB 507 - DPR - 2026-06-20.xlsx,765kV Summery,765kV Summery,TB 507 765kV Status,10,21,Final Sag (Kms),final_sag,15.478,15.478,15.478,0.0,,,,0.0,15.478,,
TB507,TB 507,MAIN,Progress Summary,2026-06-20,TB 507 [MAIN] - DPR - 2026-06-20.xlsx,400kV Summery,400kV Summery,TB 507 400kV Status,10,22,OPGW Stringing (Kms),opgw_stringing,184.0,188.678,188.678,0.0,,,,,,,
TB507,TB 507,765kV,Progress Summary,2026-06-20,TB 507 - DPR - 2026-06-20.xlsx,765kV Summery,765kV Summery,TB 507 765kV Status,10,22,OPGW Stringing (Kms),opgw_stringing,15.478,15.478,15.478,0.0,,,,0.0,15.478,,
TB507,TB 507,MAIN,Progress Summary,2026-06-20,TB 507 [MAIN] - DPR - 2026-06-20.xlsx,400kV Summery,400kV Summery,TB 507 400kV Status,10,23,Paying Out (Kms),paying_out,184.0,188.678,188.678,,,,,0.0,188.678,,
TB507,TB 507,MAIN,Progress Summary,2026-06-20,TB 507 [MAIN] - DPR - 2026-06-20.xlsx,400kV Summery,400kV Summery,TB 507 400kV Status,10,24,Final Sag (Kms),final_sag,184.0,188.678,188.678,,,,,0.0,188.678,,
TB507,TB 507,MAIN,Progress Summary,2026-06-23,TB 507 [MAIN] - DPR - 2026-06-23.xlsx,400kV Summery,400kV Summery,TB 507 400kV Status,10,19,Stringing (Kms),stringing,,,,,,,,,,,
TB507,TB 507,765kV,Progress Summary,2026-06-23,TB 507 - DPR - 2026-06-23.xlsx,765kV Summery,765kV Summery,TB 507 765kV Status,10,19,Stringing (Kms),stringing,,,,,,,,,0.0,,
TB507,TB 507,MAIN,Progress Summary,2026-06-23,TB 507 [MAIN] - DPR - 2026-06-23.xlsx,400kV Summery,400kV Summery,TB 507 400kV Status,10,20,Paying Out (Kms),paying_out,184.0,188.678,188.678,21.797,21.084,0.425,,22.222,166.456,2.0,54.0
TB507,TB 507,765kV,Progress Summary,2026-06-23,TB 507 - DPR - 2026-06-23.xlsx,765kV Summery,765kV Summery,TB 507 765kV Status,10,20,Paying Out (Kms),paying_out,15.478,15.478,15.478,0.0,,,,0.0,15.478,,
TB507,TB 507,MAIN,Progress Summary,2026-06-23,TB 507 [MAIN] - DPR - 2026-06-23.xlsx,400kV Summery,400kV Summery,TB 507 400kV Status,10,21,Final Sag (Kms),final_sag,184.0,188.678,188.678,21.36,21.084,,,21.36,167.318,,
TB507,TB 507,765kV,Progress Summary,2026-06-23,TB 507 - DPR - 2026-06-23.xlsx,765kV Summery,765kV Summery,TB 507 765kV Status,10,21,Final Sag (Kms),final_sag,15.478,15.478,15.478,0.0,,,,0.0,15.478,,
TB507,TB 507,MAIN,Progress Summary,2026-06-23,TB 507 [MAIN] - DPR - 2026-06-23.xlsx,400kV Summery,400kV Summery,TB 507 400kV Status,10,22,OPGW Stringing (Kms),opgw_stringing,184.0,188.678,188.678,0.0,,,,,,,
TB507,TB 507,765kV,Progress Summary,2026-06-23,TB 507 - DPR - 2026-06-23.xlsx,765kV Summery,765kV Summery,TB 507 765kV Status,10,22,OPGW Stringing (Kms),opgw_stringing,15.478,15.478,15.478,0.0,,,,0.0,15.478,,
TB507,TB 507,MAIN,Progress Summary,2026-06-23,TB 507 [MAIN] - DPR - 2026-06-23.xlsx,400kV Summery,400kV Summery,TB 507 400kV Status,10,23,Paying Out (Kms),paying_out,184.0,188.678,188.678,,,,,0.0,188.678,,
TB507,TB 507,MAIN,Progress Summary,2026-06-23,TB 507 [MAIN] - DPR - 2026-06-23.xlsx,400kV Summery,400kV Summery,TB 507 400kV Status,10,24,Final Sag (Kms),final_sag,184.0,188.678,188.678,,,,,0.0,188.678,,
TB507,TB 507,MAIN,Progress Summary,2026-06-25,TB 507 [MAIN] - DPR - 2026-06-25.xlsx,400kV Summery,400kV Summery,TB 507 400kV Status,10,19,Stringing (Kms),stringing,,,,,,,,,,,
TB507,TB 507,765kV,Progress Summary,2026-06-25,TB 507 - DPR - 2026-06-25.xlsx,765kV Summery,765kV Summery,TB 507 765kV Status,10,19,Stringing (Kms),stringing,,,,,,,,,0.0,,
TB507,TB 507,MAIN,Progress Summary,2026-06-25,TB 507 [MAIN] - DPR - 2026-06-25.xlsx,400kV Summery,400kV Summery,TB 507 400kV Status,10,20,Paying Out (Kms),paying_out,184.0,188.678,188.678,21.797,21.084,3.345,,25.142,163.536,1.0,54.0
TB507,TB 507,765kV,Progress Summary,2026-06-25,TB 507 - DPR - 2026-06-25.xlsx,765kV Summery,765kV Summery,TB 507 765kV Status,10,20,Paying Out (Kms),paying_out,15.478,15.478,15.478,0.0,,,,0.0,15.478,,
TB507,TB 507,MAIN,Progress Summary,2026-06-25,TB 507 [MAIN] - DPR - 2026-06-25.xlsx,400kV Summery,400kV Summery,TB 507 400kV Status,10,21,Final Sag (Kms),final_sag,184.0,188.678,188.678,21.36,21.084,,,21.36,167.318,,
TB507,TB 507,765kV,Progress Summary,2026-06-25,TB 507 - DPR - 2026-06-25.xlsx,765kV Summery,765kV Summery,TB 507 765kV Status,10,21,Final Sag (Kms),final_sag,15.478,15.478,15.478,0.0,,,,0.0,15.478,,
TB507,TB 507,MAIN,Progress Summary,2026-06-25,TB 507 [MAIN] - DPR - 2026-06-25.xlsx,400kV Summery,400kV Summery,TB 507 400kV Status,10,22,OPGW Stringing (Kms),opgw_stringing,184.0,188.678,188.678,0.0,,,,,,,
TB507,TB 507,765kV,Progress Summary,2026-06-25,TB 507 - DPR - 2026-06-25.xlsx,765kV Summery,765kV Summery,TB 507 765kV Status,10,22,OPGW Stringing (Kms),opgw_stringing,15.478,15.478,15.478,0.0,,,,0.0,15.478,,
TB507,TB 507,MAIN,Progress Summary,2026-06-25,TB 507 [MAIN] - DPR - 2026-06-25.xlsx,400kV Summery,400kV Summery,TB 507 400kV Status,10,23,Paying Out (Kms),paying_out,184.0,188.678,188.678,,,,,0.0,188.678,,
TB507,TB 507,MAIN,Progress Summary,2026-06-25,TB 507 [MAIN] - DPR - 2026-06-25.xlsx,400kV Summery,400kV Summery,TB 507 400kV Status,10,24,Final Sag (Kms),final_sag,184.0,188.678,188.678,,,,,0.0,188.678,,
TB507,TB 507,MAIN,Progress Summary,2026-06-28,TB 507 [MAIN] - DPR - 2026-06-28.xlsx,400kV Summery,400kV Summery,TB 507 400kV Status,10,19,Stringing (Kms),stringing,,,,,,,,,,,
TB507,TB 507,765kV,Progress Summary,2026-06-28,TB 507 - DPR - 2026-06-28.xlsx,765kV Summery,765kV Summery,TB 507 765kV Status,10,19,Stringing (Kms),stringing,,,,,,,,,0.0,,
TB507,TB 507,MAIN,Progress Summary,2026-06-28,TB 507 [MAIN] - DPR - 2026-06-28.xlsx,400kV Summery,400kV Summery,TB 507 400kV Status,10,20,Paying Out (Kms),paying_out,184.0,188.678,188.678,21.797,21.084,3.345,,25.142,163.536,3.0,62.0
TB507,TB 507,765kV,Progress Summary,2026-06-28,TB 507 - DPR - 2026-06-28.xlsx,765kV Summery,765kV Summery,TB 507 765kV Status,10,20,Paying Out (Kms),paying_out,15.478,15.478,15.478,0.0,,,,0.0,15.478,,
TB507,TB 507,MAIN,Progress Summary,2026-06-28,TB 507 [MAIN] - DPR - 2026-06-28.xlsx,400kV Summery,400kV Summery,TB 507 400kV Status,10,21,Final Sag (Kms),final_sag,184.0,188.678,188.678,21.36,21.084,,,21.36,167.318,,
TB507,TB 507,765kV,Progress Summary,2026-06-28,TB 507 - DPR - 2026-06-28.xlsx,765kV Summery,765kV Summery,TB 507 765kV Status,10,21,Final Sag (Kms),final_sag,15.478,15.478,15.478,0.0,,,,0.0,15.478,,
TB507,TB 507,MAIN,Progress Summary,2026-06-28,TB 507 [MAIN] - DPR - 2026-06-28.xlsx,400kV Summery,400kV Summery,TB 507 400kV Status,10,22,OPGW Stringing (Kms),opgw_stringing,184.0,188.678,188.678,0.0,,,,,,,
TB507,TB 507,765kV,Progress Summary,2026-06-28,TB 507 - DPR - 2026-06-28.xlsx,765kV Summery,765kV Summery,TB 507 765kV Status,10,22,OPGW Stringing (Kms),opgw_stringing,15.478,15.478,15.478,0.0,,,,0.0,15.478,,
TB507,TB 507,MAIN,Progress Summary,2026-06-28,TB 507 [MAIN] - DPR - 2026-06-28.xlsx,400kV Summery,400kV Summery,TB 507 400kV Status,10,23,Paying Out (Kms),paying_out,184.0,188.678,188.678,,,,,0.0,188.678,,
TB507,TB 507,MAIN,Progress Summary,2026-06-28,TB 507 [MAIN] - DPR - 2026-06-28.xlsx,400kV Summery,400kV Summery,TB 507 400kV Status,10,24,Final Sag (Kms),final_sag,184.0,188.678,188.678,,,,,0.0,188.678,,
TB507,TB 507,MAIN,Progress Summary,2026-06-29,TB 507 [MAIN] - DPR - 2026-06-29.xlsx,400kV Summery,400kV Summery,TB 507 400kV Status,10,19,Stringing (Kms),stringing,,,,,,,,,,,
TB507,TB 507,765kV,Progress Summary,2026-06-29,TB 507 - DPR - 2026-06-29.xlsx,765kV Summery,765kV Summery,TB 507 765kV Status,10,19,Stringing (Kms),stringing,,,,,,,,,0.0,,
TB507,TB 507,MAIN,Progress Summary,2026-06-29,TB 507 [MAIN] - DPR - 2026-06-29.xlsx,400kV Summery,400kV Summery,TB 507 400kV Status,10,20,Paying Out (Kms),paying_out,184.0,188.678,188.678,21.797,21.084,3.345,,25.142,163.536,4(SK Tajirul; Tarikul Islam; KP Group; Mahadev Const),62.0
TB507,TB 507,765kV,Progress Summary,2026-06-29,TB 507 - DPR - 2026-06-29.xlsx,765kV Summery,765kV Summery,TB 507 765kV Status,10,20,Paying Out (Kms),paying_out,15.478,15.478,15.478,0.0,,,,0.0,15.478,,
TB507,TB 507,MAIN,Progress Summary,2026-06-29,TB 507 [MAIN] - DPR - 2026-06-29.xlsx,400kV Summery,400kV Summery,TB 507 400kV Status,10,21,Final Sag (Kms),final_sag,184.0,188.678,188.678,21.36,21.084,2.92,2.92,24.28,164.398,,
TB507,TB 507,765kV,Progress Summary,2026-06-29,TB 507 - DPR - 2026-06-29.xlsx,765kV Summery,765kV Summery,TB 507 765kV Status,10,21,Final Sag (Kms),final_sag,15.478,15.478,15.478,0.0,,,,0.0,15.478,,
TB507,TB 507,MAIN,Progress Summary,2026-06-29,TB 507 [MAIN] - DPR - 2026-06-29.xlsx,400kV Summery,400kV Summery,TB 507 400kV Status,10,22,OPGW Stringing (Kms),opgw_stringing,184.0,188.678,188.678,0.0,,,,,,,
TB507,TB 507,765kV,Progress Summary,2026-06-29,TB 507 - DPR - 2026-06-29.xlsx,765kV Summery,765kV Summery,TB 507 765kV Status,10,22,OPGW Stringing (Kms),opgw_stringing,15.478,15.478,15.478,0.0,,,,0.0,15.478,,
TB507,TB 507,MAIN,Progress Summary,2026-06-29,TB 507 [MAIN] - DPR - 2026-06-29.xlsx,400kV Summery,400kV Summery,TB 507 400kV Status,10,23,Paying Out (Kms),paying_out,184.0,188.678,188.678,,,,,0.0,188.678,,
TB507,TB 507,MAIN,Progress Summary,2026-06-29,TB 507 [MAIN] - DPR - 2026-06-29.xlsx,400kV Summery,400kV Summery,TB 507 400kV Status,10,24,Final Sag (Kms),final_sag,184.0,188.678,188.678,,,,,0.0,188.678,,
TB507,TB 507,MAIN,Progress Summary,2026-06-30,TB 507 [MAIN] - DPR - 2026-06-30.xlsx,400kV Summery,400kV Summery,TB 507 400kV Status,10,19,Stringing (Kms),stringing,,,,,,,,,,,
TB507,TB 507,765kV,Progress Summary,2026-06-30,TB 507 - DPR - 2026-06-30.xlsx,765kV Summery,765kV Summery,TB 507 765kV Status,10,19,Stringing (Kms),stringing,,,,,,,,,0.0,,
TB507,TB 507,MAIN,Progress Summary,2026-06-30,TB 507 [MAIN] - DPR - 2026-06-30.xlsx,400kV Summery,400kV Summery,TB 507 400kV Status,10,20,Paying Out (Kms),paying_out,184.0,188.678,188.678,21.797,21.084,3.345,,25.142,163.536,4(SK Tajirul; Tarikul Islam; KP Group; Mahadev Const),62.0
TB507,TB 507,765kV,Progress Summary,2026-06-30,TB 507 - DPR - 2026-06-30.xlsx,765kV Summery,765kV Summery,TB 507 765kV Status,10,20,Paying Out (Kms),paying_out,15.478,15.478,15.478,0.0,,,,0.0,15.478,,
TB507,TB 507,MAIN,Progress Summary,2026-06-30,TB 507 [MAIN] - DPR - 2026-06-30.xlsx,400kV Summery,400kV Summery,TB 507 400kV Status,10,21,Final Sag (Kms),final_sag,184.0,188.678,188.678,21.36,21.084,2.92,2.92,24.28,164.398,,
TB507,TB 507,765kV,Progress Summary,2026-06-30,TB 507 - DPR - 2026-06-30.xlsx,765kV Summery,765kV Summery,TB 507 765kV Status,10,21,Final Sag (Kms),final_sag,15.478,15.478,15.478,0.0,,,,0.0,15.478,,
TB507,TB 507,MAIN,Progress Summary,2026-06-30,TB 507 [MAIN] - DPR - 2026-06-30.xlsx,400kV Summery,400kV Summery,TB 507 400kV Status,10,22,OPGW Stringing (Kms),opgw_stringing,184.0,188.678,188.678,0.0,,,,,,,
TB507,TB 507,765kV,Progress Summary,2026-06-30,TB 507 - DPR - 2026-06-30.xlsx,765kV Summery,765kV Summery,TB 507 765kV Status,10,22,OPGW Stringing (Kms),opgw_stringing,15.478,15.478,15.478,0.0,,,,0.0,15.478,,
TB507,TB 507,MAIN,Progress Summary,2026-06-30,TB 507 [MAIN] - DPR - 2026-06-30.xlsx,400kV Summery,400kV Summery,TB 507 400kV Status,10,23,Paying Out (Kms),paying_out,184.0,188.678,188.678,,,,,0.0,188.678,,
TB507,TB 507,MAIN,Progress Summary,2026-06-30,TB 507 [MAIN] - DPR - 2026-06-30.xlsx,400kV Summery,400kV Summery,TB 507 400kV Status,10,24,Final Sag (Kms),final_sag,184.0,188.678,188.678,,,,,0.0,188.678,,
TB605,TB 605,,Progress Summary - Ratle Kiru Power Transmission Ltd,2026-06-07,TB 605 - DPR - 2026-06-07.xlsx,TB-605,TB-605,TB 605 Status,6,12,Stringing,stringing,,175.719,175.719,0.0,14.92,0.0,0.0,0.0,175.719,1,
TB605,TB 605,,Progress Summary - Ratle Kiru Power Transmission Ltd,2026-06-09,TB 605 - DPR - 2026-06-09.xlsx,TB-605,TB-605,TB 605 Status,6,12,Stringing,stringing,,175.719,175.719,0.0,0.0,0.0,0.0,0.0,175.719,1,
TB605,TB 605,,Progress Summary - Ratle Kiru Power Transmission Ltd,2026-06-11,TB 605 - DPR - 2026-06-11.xlsx,TB-605,TB-605,TB 605 Status,6,12,Stringing,stringing,,175.719,175.719,0.0,0.0,0.0,0.0,0.0,175.719,1,
TB605,TB 605,,Progress Summary - Ratle Kiru Power Transmission Ltd,2026-06-12,TB 605 - DPR - 2026-06-12.xlsx,TB-605,TB-605,TB 605 Status,6,12,Stringing,stringing,,175.719,175.719,0.0,0.0,0.0,0.0,0.0,175.719,1,
TB605,TB 605,,Progress Summary - Ratle Kiru Power Transmission Ltd,2026-06-14,TB 605 - DPR - 2026-06-14.xlsx,TB-605,TB-605,TB 605 Status,6,12,Stringing,stringing,,175.719,175.719,0.0,0.0,0.0,0.0,0.0,175.719,2,
TB605,TB 605,,Progress Summary - Ratle Kiru Power Transmission Ltd,2026-06-15,TB 605 - DPR - 2026-06-15.xlsx,TB-605,TB-605,TB 605 Status,6,12,Stringing,stringing,,175.719,175.719,0.0,0.0,0.0,0.0,0.0,175.719,2,
TB605,TB 605,,Progress Summary - Ratle Kiru Power Transmission Ltd,2026-06-16,TB 605 - DPR - 2026-06-16.xlsx,TB-605,TB-605,TB 605 Status,6,12,Stringing,stringing,,175.719,175.719,0.0,11.63,0.0,0.0,0.0,175.719,2,
TB605,TB 605,,Progress Summary - Ratle Kiru Power Transmission Ltd,2026-06-17,TB 605 - DPR - 2026-06-17.xlsx,TB-605,TB-605,TB 605 Status,6,12,Stringing,stringing,,175.719,175.719,0.0,11.63,0.0,0.0,0.0,175.719,2,
TB605,TB 605,,Progress Summary - Ratle Kiru Power Transmission Ltd,2026-06-21,TB 605 - DPR - 2026-06-21.xlsx,TB-605,TB-605,TB 605 Status,6,12,Stringing-P/O-R/S,stringing,,175.719,175.719,0.0,11.63,1.47,0.0,1.47,174.249,2.0,
TB605,TB 605,,Progress Summary - Ratle Kiru Power Transmission Ltd,2026-06-21,TB 605 - DPR - 2026-06-21.xlsx,TB-605,TB-605,TB 605 Status,6,13,Stringing-F/S,stringing,,175.719,175.719,,11.63,0.0,,0.0,175.719,,
TB605,TB 605,,Progress Summary - Ratle Kiru Power Transmission Ltd,2026-06-22,TB 605 - DPR - 2026-06-22.xlsx,TB-605,TB-605,TB 605 Status,6,12,Stringing-P/O-R/S,stringing,,175.719,175.719,0.0,11.63,1.47,0.0,1.47,174.249,3.0,1 additional team reached at site 65 Manpower ( Saludin)
TB605,TB 605,,Progress Summary - Ratle Kiru Power Transmission Ltd,2026-06-22,TB 605 - DPR - 2026-06-22.xlsx,TB-605,TB-605,TB 605 Status,6,13,Stringing-F/S,stringing,,175.719,175.719,,11.63,0.442,,0.442,175.277,,
TB605,TB 605,,Progress Summary - Ratle Kiru Power Transmission Ltd,2026-06-23,TB 605 - DPR - 2026-06-23.xlsx,TB-605,TB-605,TB 605 Status,6,12,Stringing-P/O-R/S,stringing,,175.719,175.719,0.0,11.63,1.47,0.0,1.47,174.249,3.0,1 additional team reached at site 65 Manpower ( Saludin)
TB605,TB 605,,Progress Summary - Ratle Kiru Power Transmission Ltd,2026-06-23,TB 605 - DPR - 2026-06-23.xlsx,TB-605,TB-605,TB 605 Status,6,13,Stringing-F/S,stringing,,175.719,175.719,,11.63,0.442,,0.442,175.277,,
TB605,TB 605,,Progress Summary - Ratle Kiru Power Transmission Ltd,2026-06-24,TB 605 - DPR - 2026-06-24.xlsx,TB-605,TB-605,TB 605 Status,6,12,Stringing-P/O-R/S,stringing,,175.719,175.719,0.0,11.63,1.47,0.0,1.47,174.249,3.0,1 additional team reached at site 65 Manpower ( Saludin)
TB605,TB 605,,Progress Summary - Ratle Kiru Power Transmission Ltd,2026-06-24,TB 605 - DPR - 2026-06-24.xlsx,TB-605,TB-605,TB 605 Status,6,13,Stringing-F/S,stringing,,175.719,175.719,,11.63,1.47,1.03,1.47,174.249,,
TB605,TB 605,,Progress Summary - Ratle Kiru Power Transmission Ltd,2026-06-28,TB 605 - DPR - 2026-06-28.xlsx,TB-605,TB-605,TB 605 Status,6,12,Stringing-P/O-R/S,stringing,,175.719,175.719,0.0,11.63,1.47,0.0,1.47,174.249,3.0,1 additional team reached at site 65 Manpower ( Saludin)
TB605,TB 605,,Progress Summary - Ratle Kiru Power Transmission Ltd,2026-06-28,TB 605 - DPR - 2026-06-28.xlsx,TB-605,TB-605,TB 605 Status,6,13,Stringing-F/S,stringing,,175.719,175.719,,11.63,1.47,0.0,1.47,174.249,,
TB605,TB 605,,Progress Summary - Ratle Kiru Power Transmission Ltd,2026-06-29,TB 605 - DPR - 2026-06-29.xlsx,TB-605,TB-605,TB 605 Status,6,12,Stringing-P/O-R/S,stringing,,175.719,175.719,0.0,11.63,1.47,0.0,1.47,174.249,3.0,1 additional team reached at site 65 Manpower ( Saludin)
TB605,TB 605,,Progress Summary - Ratle Kiru Power Transmission Ltd,2026-06-29,TB 605 - DPR - 2026-06-29.xlsx,TB-605,TB-605,TB 605 Status,6,13,Stringing-F/S,stringing,,175.719,175.719,,11.63,1.47,0.0,1.47,174.249,,
TB605,TB 605,,Progress Summary - Ratle Kiru Power Transmission Ltd,2026-06-30,TB 605 - DPR - 2026-06-30.xlsx,TB-605,TB-605,TB 605 Status,6,12,Stringing-P/O-R/S,stringing,,175.719,175.719,0.0,11.63,1.47,0.0,1.47,174.249,3.0,
TB605,TB 605,,Progress Summary - Ratle Kiru Power Transmission Ltd,2026-06-30,TB 605 - DPR - 2026-06-30.xlsx,TB-605,TB-605,TB 605 Status,6,13,Stringing-F/S,stringing,,175.719,175.719,,11.63,1.47,0.0,1.47,174.249,,
